<?xml version='1.0' encoding='UTF-8' standalone='yes' ?>
<kml xmlns="http://www.opengis.net/kml/2.2" xmlns:gx="http://www.google.com/kml/ext/2.2">
  <Document id="TbuluKmlVersion2">
    <name><![CDATA[2026-04-04 阿布吉措新穿新路线]]>
    </name>
    <description><![CDATA[路过3个草甸牧场]]>
    </description>
    <snippet><![CDATA[通过“两步路”生成，http://www.2bulu.com]]>
    </snippet>
    <author><![CDATA[梦境500]]>
    </author>
    <ExtendedData>
      <Data name="TrackTypeId">
        <value>8</value>
      </Data>
      <Data name="SportTypeId">
        <value>18</value>
      </Data>
      <Data name="OperationType">
        <value>1</value>
      </Data>
      <Data name="TrackTags">
        <value>徒步</value>
      </Data>
      <Data name="BeginTime">
        <value>1775259291000</value>
      </Data>
      <Data name="EndTime">
        <value>1775296457000</value>
      </Data>
      <Data name="TimeUsed">
        <value>37166070</value>
      </Data>
      <Data name="PauseTime">
        <value>3583</value>
      </Data>
      <Data name="PosStartName">
        <value>洗脸盆垭口</value>
      </Data>
      <Data name="PosEndName">
        <value>洗脸盆垭口</value>
      </Data>
      <Data name="ProductVersion">
        <value>and_8.1.7</value>
      </Data>
      <Data name="StartDistrictId">
        <value>40</value>
      </Data>
      <Data name="EndDistrictId">
        <value>40</value>
      </Data>
      <Data name="CreaterId">
        <value>21676489</value>
      </Data>
      <Data name="CreaterName">
        <value>梦境500</value>
      </Data>
      <Data name="CreaterIcon">
        <value>1284489711</value>
      </Data>
      <Data name="OriginCreaterId">
        <value>21676489</value>
      </Data>
      <Data name="OriginCreaterNickname">
        <value>梦境500</value>
      </Data>
      <Data name="OriginCreaterName">
        <value>pjkeve</value>
      </Data>
      <Data name="OriginCreaterIcon">
        <value>1284489711</value>
      </Data>
      <Data name="ThumbnailId">
        <value>0</value>
      </Data>
      <Data name="Privacy">
        <value>0</value>
      </Data>
      <Data name="ContextInfo">
        <value>region:CN;lan:zh;model:android;system:android34;app:2bulu-V8.1.7</value>
      </Data>
      <Data name="Distance">
        <value>27198.46461621351</value>
      </Data>
      <Data name="ElevationGain">
        <value>987.8871848344652</value>
      </Data>
      <Data name="ElevationLoss">
        <value>976.0830328338698</value>
      </Data>
      <Data name="SportAvgSpeed">
        <value>0.7318795595196175</value>
      </Data>
    </ExtendedData>
    <Style id="TrackStyle_n">
      <LineStyle>
        <color>ff1034e8</color>
        <width>5</width>
      </LineStyle>
      <IconStyle>
        <Icon><![CDATA[http://files.2bulu.com/f/d1?downParams=BYohR0x5OLAr0OBxohfNOA%3D%3D%0A]]>
        </Icon>
      </IconStyle>
    </Style>
    <Style id="TrackStyle_h">
      <LineStyle>
        <color>ff1034e8</color>
        <width>7</width>
        <scale>1.1</scale>
      </LineStyle>
      <IconStyle>
        <Icon><![CDATA[http://files.2bulu.com/f/d1?downParams=BYohR0x5OLAr0OBxohfNOA%3D%3D%0A]]>
        </Icon>
      </IconStyle>
    </Style>
    <StyleMap id="TrackStyle">
      <Pair>
        <key>normal</key>
        <styleUrl>#TrackStyle_n</styleUrl>
      </Pair>
      <Pair>
        <key>highlight</key>
        <styleUrl>#TrackStyle_h</styleUrl>
      </Pair>
    </StyleMap>
    <Style id="LineStringStyle">
      <LineStyle>
        <color>ff1034e8</color>
        <width>6</width>
      </LineStyle>
    </Style>
    <Style id="startPointStyle">
      <IconStyle>
        <scale>1.1</scale>
        <Icon><![CDATA[http://files.2bulu.com/f/d1?downParams=n%2BVE0NaFmzwndk%2BZ75NU9A%3D%3D%0A]]>
        </Icon>
      </IconStyle>
    </Style>
    <Style id="endPointStyle">
      <IconStyle>
        <scale>1.1</scale>
        <Icon><![CDATA[http://files.2bulu.com/f/d1?downParams=0Q3GJ5o%2FHpsr0OBxohfNOA%3D%3D%0A]]>
        </Icon>
      </IconStyle>
    </Style>
    <Style id="MarkerStylePicture">
      <LabelStyle>
        <color>ff00ffff</color>
        <colorMode>normal</colorMode>
      </LabelStyle>
      <IconStyle>
        <scale>1.1</scale>
        <Icon><![CDATA[http://files.2bulu.com/f/d1?downParams=vMzvc3dTBl0r0OBxohfNOA%3D%3D%0A]]>
        </Icon>
      </IconStyle>
    </Style>
    <Style id="MarkerStyleSound">
      <LabelStyle>
        <color>ff00ffff</color>
        <colorMode>normal</colorMode>
      </LabelStyle>
      <IconStyle>
        <scale>1.1</scale>
        <Icon><![CDATA[http://files.2bulu.com/f/d1?downParams=poL0RfxWHTIr0OBxohfNOA%3D%3D%0A]]>
        </Icon>
      </IconStyle>
    </Style>
    <Style id="MarkerStyleVideo">
      <LabelStyle>
        <color>ff00ffff</color>
        <colorMode>normal</colorMode>
      </LabelStyle>
      <IconStyle>
        <scale>1.1</scale>
        <Icon><![CDATA[http://files.2bulu.com/f/d1?downParams=vMzvc3dTBl0r0OBxohfNOA%3D%3D%0A]]>
        </Icon>
      </IconStyle>
    </Style>
    <Style id="MarkerStyleText">
      <LabelStyle>
        <color>ff00ffff</color>
        <colorMode>normal</colorMode>
      </LabelStyle>
      <IconStyle>
        <scale>1.1</scale>
        <Icon><![CDATA[http://files.2bulu.com/f/d1?downParams=s2An6%2B3%2BIWUr0OBxohfNOA%3D%3D%0A]]>
        </Icon>
      </IconStyle>
    </Style>
    <Folder id="TbuluTrackFolder">
      <name>轨迹</name>
      <Placemark>
        <name><![CDATA[轨迹片段1]]>
        </name>
        <description>
          <div>通过“两步路”生成，http://www.2bulu.com</div>
          <div>上传者:梦境500</div>
          <div>开始时间:2026-04-04 07:34:52</div>
          <div>结束时间:2026-04-04 17:54:15</div>
          <div>轨迹点数:2536</div>
          <div>本段里程:27198.46461621351米</div>
          <div>最高海拔:4356.137454297896米</div>
          <div>最低海拔:3682.845703125米</div>
          <div>累计爬升:987.8871848344652米</div>
          <div>累计下降:976.0830328338698米</div>
        </description>
        <gx:Track>
          <gx:coord>99.9677845 27.7336341 3682.85</gx:coord>
          <gx:coord>99.967877 27.7335923 3682.85</gx:coord>
          <gx:coord>99.967947 27.7335329 3684.59</gx:coord>
          <gx:coord>99.9679043 27.733558 3686.23</gx:coord>
          <gx:coord>99.9678028 27.7336174 3686.37</gx:coord>
          <gx:coord>99.9677338 27.7336738 3686.49</gx:coord>
          <gx:coord>99.9677864 27.7336483 3686.52</gx:coord>
          <gx:coord>99.9678905 27.7335969 3687.2</gx:coord>
          <gx:coord>99.9679539 27.7335018 3687.1</gx:coord>
          <gx:coord>99.9679654 27.7334015 3687.24</gx:coord>
          <gx:coord>99.9679455 27.7333353 3686.98</gx:coord>
          <gx:coord>99.9678961 27.7332504 3687.1</gx:coord>
          <gx:coord>99.9678109 27.7331921 3686.95</gx:coord>
          <gx:coord>99.9677642 27.7331089 3687.1</gx:coord>
          <gx:coord>99.967771 27.7330166 3687.23</gx:coord>
          <gx:coord>99.9678138 27.7329185 3687.59</gx:coord>
          <gx:coord>99.9678951 27.7328346 3687.76</gx:coord>
          <gx:coord>99.9679755 27.732754 3688.03</gx:coord>
          <gx:coord>99.9679879 27.7326641 3688.5</gx:coord>
          <gx:coord>99.9679431 27.7325787 3689.17</gx:coord>
          <gx:coord>99.9679055 27.7325344 3689.73</gx:coord>
          <gx:coord>99.9679217 27.7324538 3689.95</gx:coord>
          <gx:coord>99.9679391 27.7324138 3690.68</gx:coord>
          <gx:coord>99.9679788 27.7323362 3691.02</gx:coord>
          <gx:coord>99.9680175 27.7322466 3691.59</gx:coord>
          <gx:coord>99.9680402 27.7321575 3692.33</gx:coord>
          <gx:coord>99.9680426 27.7320538 3692.93</gx:coord>
          <gx:coord>99.9680469 27.7319504 3693.18</gx:coord>
          <gx:coord>99.9680514 27.7318515 3693.64</gx:coord>
          <gx:coord>99.9680664 27.731752 3694.05</gx:coord>
          <gx:coord>99.9681084 27.7316644 3694.98</gx:coord>
          <gx:coord>99.9681603 27.73158 3695.87</gx:coord>
          <gx:coord>99.9681683 27.7314783 3696.09</gx:coord>
          <gx:coord>99.9681213 27.7313917 3695.95</gx:coord>
          <gx:coord>99.9680791 27.7313054 3695.64</gx:coord>
          <gx:coord>99.9680338 27.7312065 3695.6</gx:coord>
          <gx:coord>99.967989 27.73111 3696.0</gx:coord>
          <gx:coord>99.9679483 27.7310157 3696.6</gx:coord>
          <gx:coord>99.9679374 27.7309076 3697.25</gx:coord>
          <gx:coord>99.9679422 27.7308096 3697.92</gx:coord>
          <gx:coord>99.9679387 27.7307122 3698.61</gx:coord>
          <gx:coord>99.9679368 27.7306178 3699.14</gx:coord>
          <gx:coord>99.9679415 27.7305114 3699.74</gx:coord>
          <gx:coord>99.9679702 27.7304051 3700.43</gx:coord>
          <gx:coord>99.9680293 27.7303203 3701.01</gx:coord>
          <gx:coord>99.9680439 27.7302326 3701.41</gx:coord>
          <gx:coord>99.9680295 27.7301422 3701.74</gx:coord>
          <gx:coord>99.968013 27.7300504 3702.19</gx:coord>
          <gx:coord>99.9679884 27.7299617 3702.8</gx:coord>
          <gx:coord>99.9679707 27.7298609 3703.57</gx:coord>
          <gx:coord>99.9679863 27.7297584 3704.23</gx:coord>
          <gx:coord>99.9680086 27.7296588 3704.47</gx:coord>
          <gx:coord>99.9679932 27.7295937 3704.94</gx:coord>
          <gx:coord>99.9680339 27.7295168 3705.67</gx:coord>
          <gx:coord>99.9680637 27.729423 3706.16</gx:coord>
          <gx:coord>99.9681023 27.7293316 3706.44</gx:coord>
          <gx:coord>99.968146 27.729241 3706.78</gx:coord>
          <gx:coord>99.9681776 27.7291516 3707.02</gx:coord>
          <gx:coord>99.9682107 27.7290543 3707.21</gx:coord>
          <gx:coord>99.9682617 27.7289567 3707.62</gx:coord>
          <gx:coord>99.968311 27.7288622 3707.61</gx:coord>
          <gx:coord>99.9683585 27.7287735 3708.09</gx:coord>
          <gx:coord>99.9684065 27.728683 3708.71</gx:coord>
          <gx:coord>99.96847 27.728598 3709.29</gx:coord>
          <gx:coord>99.9685234 27.7285066 3709.89</gx:coord>
          <gx:coord>99.9685559 27.7284093 3710.38</gx:coord>
          <gx:coord>99.9685858 27.7283146 3710.67</gx:coord>
          <gx:coord>99.9686115 27.728218 3710.94</gx:coord>
          <gx:coord>99.968666 27.728126 3711.24</gx:coord>
          <gx:coord>99.9687249 27.7280369 3711.1</gx:coord>
          <gx:coord>99.9687816 27.7279488 3711.1</gx:coord>
          <gx:coord>99.9688278 27.7278579 3711.23</gx:coord>
          <gx:coord>99.9688711 27.7277697 3711.42</gx:coord>
          <gx:coord>99.9688917 27.7276798 3711.79</gx:coord>
          <gx:coord>99.9688913 27.7275879 3712.36</gx:coord>
          <gx:coord>99.9689027 27.7274853 3713.08</gx:coord>
          <gx:coord>99.9689393 27.7273862 3713.89</gx:coord>
          <gx:coord>99.9689891 27.7272919 3714.92</gx:coord>
          <gx:coord>99.9690201 27.727229 3716.27</gx:coord>
          <gx:coord>99.9690503 27.7271399 3717.51</gx:coord>
          <gx:coord>99.9690299 27.7270419 3718.47</gx:coord>
          <gx:coord>99.9690303 27.7269403 3719.38</gx:coord>
          <gx:coord>99.969072 27.7268448 3720.83</gx:coord>
          <gx:coord>99.9691163 27.7267469 3722.33</gx:coord>
          <gx:coord>99.9691125 27.7266454 3724.26</gx:coord>
          <gx:coord>99.9690901 27.726545 3725.56</gx:coord>
          <gx:coord>99.9690761 27.7264398 3726.59</gx:coord>
          <gx:coord>99.9690821 27.7263443 3727.17</gx:coord>
          <gx:coord>99.9691087 27.7262518 3727.98</gx:coord>
          <gx:coord>99.9691289 27.7261612 3728.64</gx:coord>
          <gx:coord>99.9691557 27.7260707 3729.83</gx:coord>
          <gx:coord>99.9691857 27.7259779 3731.04</gx:coord>
          <gx:coord>99.9692047 27.7258871 3732.27</gx:coord>
          <gx:coord>99.9692177 27.7257936 3733.51</gx:coord>
          <gx:coord>99.9692104 27.7256959 3734.72</gx:coord>
          <gx:coord>99.969194 27.7255964 3735.91</gx:coord>
          <gx:coord>99.9692107 27.7254973 3736.78</gx:coord>
          <gx:coord>99.9692335 27.7253994 3737.75</gx:coord>
          <gx:coord>99.9692148 27.7253045 3738.8</gx:coord>
          <gx:coord>99.9691895 27.7252062 3739.66</gx:coord>
          <gx:coord>99.969195 27.7251109 3740.43</gx:coord>
          <gx:coord>99.9691934 27.7250054 3741.3</gx:coord>
          <gx:coord>99.9692052 27.7249093 3742.35</gx:coord>
          <gx:coord>99.9692232 27.7248114 3743.38</gx:coord>
          <gx:coord>99.9692339 27.7247111 3744.46</gx:coord>
          <gx:coord>99.9692327 27.724603 3745.45</gx:coord>
          <gx:coord>99.9692376 27.7244956 3746.28</gx:coord>
          <gx:coord>99.9692185 27.7243946 3747.26</gx:coord>
          <gx:coord>99.969187 27.7242922 3747.94</gx:coord>
          <gx:coord>99.9691639 27.7241845 3748.46</gx:coord>
          <gx:coord>99.9691636 27.7240813 3749.1</gx:coord>
          <gx:coord>99.9691696 27.7239813 3749.93</gx:coord>
          <gx:coord>99.9692083 27.7238947 3750.9</gx:coord>
          <gx:coord>99.9692576 27.7238002 3751.48</gx:coord>
          <gx:coord>99.9693228 27.7237039 3751.44</gx:coord>
          <gx:coord>99.9693859 27.7236095 3751.08</gx:coord>
          <gx:coord>99.9694335 27.7235205 3750.89</gx:coord>
          <gx:coord>99.9695181 27.7234494 3750.2</gx:coord>
          <gx:coord>99.9695942 27.7233803 3750.26</gx:coord>
          <gx:coord>99.9696618 27.7232931 3750.5</gx:coord>
          <gx:coord>99.9697447 27.7232112 3750.87</gx:coord>
          <gx:coord>99.9698357 27.7231355 3750.98</gx:coord>
          <gx:coord>99.9698721 27.7230678 3750.98</gx:coord>
          <gx:coord>99.9699484 27.7230117 3750.79</gx:coord>
          <gx:coord>99.9700338 27.7229542 3750.75</gx:coord>
          <gx:coord>99.9701378 27.7229048 3750.93</gx:coord>
          <gx:coord>99.9702408 27.7228526 3751.37</gx:coord>
          <gx:coord>99.9703306 27.7227873 3752.19</gx:coord>
          <gx:coord>99.9703779 27.7226943 3753.46</gx:coord>
          <gx:coord>99.9704679 27.722643 3754.75</gx:coord>
          <gx:coord>99.9705761 27.7226206 3756.2</gx:coord>
          <gx:coord>99.9706742 27.7225763 3757.69</gx:coord>
          <gx:coord>99.9707632 27.7225201 3760.19</gx:coord>
          <gx:coord>99.9708383 27.7224548 3764.1</gx:coord>
          <gx:coord>99.9709323 27.7224101 3767.68</gx:coord>
          <gx:coord>99.9710096 27.7223427 3770.8</gx:coord>
          <gx:coord>99.9710694 27.7222637 3774.22</gx:coord>
          <gx:coord>99.9711202 27.7221781 3777.83</gx:coord>
          <gx:coord>99.971123 27.7220784 3781.15</gx:coord>
          <gx:coord>99.9710977 27.721985 3784.17</gx:coord>
          <gx:coord>99.9710683 27.7218905 3786.25</gx:coord>
          <gx:coord>99.9710516 27.7217989 3788.13</gx:coord>
          <gx:coord>99.9710162 27.7217075 3789.82</gx:coord>
          <gx:coord>99.9709881 27.7216114 3791.64</gx:coord>
          <gx:coord>99.9709935 27.7215159 3793.6</gx:coord>
          <gx:coord>99.9709927 27.7214176 3795.78</gx:coord>
          <gx:coord>99.9710177 27.7213267 3797.95</gx:coord>
          <gx:coord>99.9711042 27.7212907 3800.73</gx:coord>
          <gx:coord>99.9711738 27.7212202 3803.47</gx:coord>
          <gx:coord>99.9712149 27.7211349 3806.06</gx:coord>
          <gx:coord>99.971209 27.7210378 3808.39</gx:coord>
          <gx:coord>99.9711896 27.7209389 3810.32</gx:coord>
          <gx:coord>99.971228 27.7208563 3811.96</gx:coord>
          <gx:coord>99.9712739 27.7207717 3814.25</gx:coord>
          <gx:coord>99.9713529 27.7207085 3816.87</gx:coord>
          <gx:coord>99.9714397 27.7206524 3818.68</gx:coord>
          <gx:coord>99.9714552 27.7205729 3820.79</gx:coord>
          <gx:coord>99.9714193 27.7204851 3822.35</gx:coord>
          <gx:coord>99.9714413 27.7203946 3824.15</gx:coord>
          <gx:coord>99.9715217 27.7203393 3826.26</gx:coord>
          <gx:coord>99.971618 27.7203111 3828.64</gx:coord>
          <gx:coord>99.9717207 27.7202848 3830.38</gx:coord>
          <gx:coord>99.9718208 27.7202463 3832.56</gx:coord>
          <gx:coord>99.9718964 27.7201787 3834.47</gx:coord>
          <gx:coord>99.9719338 27.7200909 3836.5</gx:coord>
          <gx:coord>99.9719782 27.7200027 3838.55</gx:coord>
          <gx:coord>99.9720309 27.7199127 3839.63</gx:coord>
          <gx:coord>99.9720716 27.7198222 3840.99</gx:coord>
          <gx:coord>99.9720941 27.7197278 3842.77</gx:coord>
          <gx:coord>99.9721416 27.7196475 3844.28</gx:coord>
          <gx:coord>99.9721291 27.7195573 3845.85</gx:coord>
          <gx:coord>99.9721208 27.7194652 3847.37</gx:coord>
          <gx:coord>99.9721736 27.7193959 3849.13</gx:coord>
          <gx:coord>99.9722547 27.7193378 3851.21</gx:coord>
          <gx:coord>99.9723071 27.7192619 3853.17</gx:coord>
          <gx:coord>99.9723366 27.7191753 3854.71</gx:coord>
          <gx:coord>99.9724196 27.7191331 3856.05</gx:coord>
          <gx:coord>99.9724938 27.71906 3857.37</gx:coord>
          <gx:coord>99.9725234 27.7189699 3859.45</gx:coord>
          <gx:coord>99.9724912 27.7188778 3861.5</gx:coord>
          <gx:coord>99.9724249 27.7187992 3863.62</gx:coord>
          <gx:coord>99.9723472 27.7187244 3865.44</gx:coord>
          <gx:coord>99.9723134 27.7186311 3867.15</gx:coord>
          <gx:coord>99.9723035 27.7185324 3868.67</gx:coord>
          <gx:coord>99.9723239 27.7184321 3870.03</gx:coord>
          <gx:coord>99.9723204 27.7183321 3871.65</gx:coord>
          <gx:coord>99.9723077 27.718239 3873.21</gx:coord>
          <gx:coord>99.9722911 27.7181483 3874.52</gx:coord>
          <gx:coord>99.9723257 27.7180679 3875.68</gx:coord>
          <gx:coord>99.9723671 27.7179855 3876.67</gx:coord>
          <gx:coord>99.9723867 27.7178924 3877.8</gx:coord>
          <gx:coord>99.9724322 27.7178074 3879.59</gx:coord>
          <gx:coord>99.9724293 27.7177149 3880.96</gx:coord>
          <gx:coord>99.9724016 27.7176191 3881.61</gx:coord>
          <gx:coord>99.9723373 27.7175439 3881.85</gx:coord>
          <gx:coord>99.9722626 27.7174799 3882.52</gx:coord>
          <gx:coord>99.9722005 27.7174064 3884.82</gx:coord>
          <gx:coord>99.9721606 27.7173217 3886.85</gx:coord>
          <gx:coord>99.9721173 27.7172335 3889.14</gx:coord>
          <gx:coord>99.9720947 27.7171436 3891.03</gx:coord>
          <gx:coord>99.9720524 27.7170539 3893.48</gx:coord>
          <gx:coord>99.9720163 27.7169651 3895.89</gx:coord>
          <gx:coord>99.971984 27.7168774 3897.59</gx:coord>
          <gx:coord>99.9719359 27.71679 3898.21</gx:coord>
          <gx:coord>99.9718665 27.7167097 3899.13</gx:coord>
          <gx:coord>99.9718235 27.7166261 3900.41</gx:coord>
          <gx:coord>99.9718295 27.7165309 3901.82</gx:coord>
          <gx:coord>99.9718447 27.7164346 3902.34</gx:coord>
          <gx:coord>99.9718464 27.7163398 3902.38</gx:coord>
          <gx:coord>99.9718424 27.7162474 3901.24</gx:coord>
          <gx:coord>99.9718237 27.7161583 3900.21</gx:coord>
          <gx:coord>99.9717614 27.7160765 3899.07</gx:coord>
          <gx:coord>99.9716723 27.7160128 3897.22</gx:coord>
          <gx:coord>99.9715935 27.715966 3895.55</gx:coord>
          <gx:coord>99.9715329 27.7158952 3895.2</gx:coord>
          <gx:coord>99.9715268 27.7157927 3894.84</gx:coord>
          <gx:coord>99.9715015 27.7156892 3895.31</gx:coord>
          <gx:coord>99.9714444 27.7155945 3895.82</gx:coord>
          <gx:coord>99.9713831 27.7155155 3896.2</gx:coord>
          <gx:coord>99.9713145 27.7154438 3897.83</gx:coord>
          <gx:coord>99.9712746 27.7153481 3899.69</gx:coord>
          <gx:coord>99.9712549 27.7152897 3900.66</gx:coord>
          <gx:coord>99.9712593 27.7152 3901.01</gx:coord>
          <gx:coord>99.9712597 27.7150989 3900.83</gx:coord>
          <gx:coord>99.9712449 27.7150009 3900.65</gx:coord>
          <gx:coord>99.9712665 27.7149042 3901.27</gx:coord>
          <gx:coord>99.9712428 27.7148112 3901.51</gx:coord>
          <gx:coord>99.9712373 27.7147131 3900.11</gx:coord>
          <gx:coord>99.9712597 27.7146165 3899.79</gx:coord>
          <gx:coord>99.9712747 27.7145167 3900.03</gx:coord>
          <gx:coord>99.9712832 27.7144173 3901.1</gx:coord>
          <gx:coord>99.9712915 27.7143071 3901.98</gx:coord>
          <gx:coord>99.9713302 27.7142148 3902.6</gx:coord>
          <gx:coord>99.9713568 27.7141238 3903.09</gx:coord>
          <gx:coord>99.9713823 27.7140277 3903.77</gx:coord>
          <gx:coord>99.971427 27.7139342 3903.77</gx:coord>
          <gx:coord>99.9714603 27.7138323 3903.53</gx:coord>
          <gx:coord>99.9714845 27.7137307 3903.6</gx:coord>
          <gx:coord>99.9715084 27.7136365 3903.35</gx:coord>
          <gx:coord>99.9715216 27.7135295 3902.92</gx:coord>
          <gx:coord>99.9715303 27.7134219 3902.86</gx:coord>
          <gx:coord>99.971539 27.7133249 3903.36</gx:coord>
          <gx:coord>99.9715463 27.7132335 3903.78</gx:coord>
          <gx:coord>99.9715662 27.713144 3903.95</gx:coord>
          <gx:coord>99.971592 27.7130538 3904.46</gx:coord>
          <gx:coord>99.9716225 27.7129636 3904.25</gx:coord>
          <gx:coord>99.9716518 27.7128624 3904.35</gx:coord>
          <gx:coord>99.9716443 27.7127612 3905.29</gx:coord>
          <gx:coord>99.9716422 27.7126617 3906.21</gx:coord>
          <gx:coord>99.9716211 27.712555 3906.45</gx:coord>
          <gx:coord>99.9716139 27.712457 3906.16</gx:coord>
          <gx:coord>99.9716329 27.7123638 3905.67</gx:coord>
          <gx:coord>99.9716877 27.7122826 3906.13</gx:coord>
          <gx:coord>99.971659 27.7122075 3907.2</gx:coord>
          <gx:coord>99.9716248 27.712117 3907.38</gx:coord>
          <gx:coord>99.9715555 27.7120376 3907.74</gx:coord>
          <gx:coord>99.971506 27.7119552 3909.0</gx:coord>
          <gx:coord>99.9714674 27.7118641 3910.11</gx:coord>
          <gx:coord>99.9714139 27.7117814 3909.96</gx:coord>
          <gx:coord>99.9713743 27.7116922 3909.16</gx:coord>
          <gx:coord>99.9713513 27.7116008 3908.56</gx:coord>
          <gx:coord>99.9713246 27.711501 3908.68</gx:coord>
          <gx:coord>99.9712965 27.7114068 3909.31</gx:coord>
          <gx:coord>99.9712739 27.7113056 3909.62</gx:coord>
          <gx:coord>99.9712477 27.7112027 3909.9</gx:coord>
          <gx:coord>99.971256 27.7111086 3910.95</gx:coord>
          <gx:coord>99.9712696 27.7110564 3911.24</gx:coord>
          <gx:coord>99.9712821 27.7109788 3911.3</gx:coord>
          <gx:coord>99.9712966 27.7109241 3911.74</gx:coord>
          <gx:coord>99.9712677 27.710852 3912.01</gx:coord>
          <gx:coord>99.9712225 27.7107724 3912.86</gx:coord>
          <gx:coord>99.9711638 27.7106859 3913.5</gx:coord>
          <gx:coord>99.9711193 27.710585 3914.02</gx:coord>
          <gx:coord>99.9710797 27.7104929 3914.83</gx:coord>
          <gx:coord>99.9710593 27.7104176 3915.15</gx:coord>
          <gx:coord>99.9710849 27.710337 3916.11</gx:coord>
          <gx:coord>99.9711027 27.710241 3916.83</gx:coord>
          <gx:coord>99.9710892 27.7101445 3917.35</gx:coord>
          <gx:coord>99.9710303 27.7100563 3917.78</gx:coord>
          <gx:coord>99.9709572 27.709971 3918.14</gx:coord>
          <gx:coord>99.9708871 27.7098948 3918.08</gx:coord>
          <gx:coord>99.9708284 27.7098104 3918.38</gx:coord>
          <gx:coord>99.970774 27.7097273 3918.56</gx:coord>
          <gx:coord>99.9707351 27.7096304 3918.58</gx:coord>
          <gx:coord>99.9706997 27.709523 3918.64</gx:coord>
          <gx:coord>99.9706602 27.7094305 3918.8</gx:coord>
          <gx:coord>99.9706162 27.70932 3919.27</gx:coord>
          <gx:coord>99.9705528 27.7092221 3918.62</gx:coord>
          <gx:coord>99.9704802 27.7091297 3918.27</gx:coord>
          <gx:coord>99.9704179 27.7090416 3918.79</gx:coord>
          <gx:coord>99.9703581 27.7089611 3919.02</gx:coord>
          <gx:coord>99.9703215 27.7088713 3918.86</gx:coord>
          <gx:coord>99.9702519 27.7087935 3918.22</gx:coord>
          <gx:coord>99.9701998 27.7087013 3918.48</gx:coord>
          <gx:coord>99.9701665 27.7086113 3918.84</gx:coord>
          <gx:coord>99.9701826 27.7085177 3919.31</gx:coord>
          <gx:coord>99.9702284 27.7084271 3919.02</gx:coord>
          <gx:coord>99.9702408 27.7083356 3918.45</gx:coord>
          <gx:coord>99.9702577 27.7082375 3918.2</gx:coord>
          <gx:coord>99.970221 27.7081514 3918.18</gx:coord>
          <gx:coord>99.9701334 27.7081057 3917.93</gx:coord>
          <gx:coord>99.9701244 27.7080683 3917.55</gx:coord>
          <gx:coord>99.9701016 27.7079982 3917.39</gx:coord>
          <gx:coord>99.9700218 27.7079582 3917.81</gx:coord>
          <gx:coord>99.9699121 27.7079745 3918.02</gx:coord>
          <gx:coord>99.9698023 27.7079616 3917.76</gx:coord>
          <gx:coord>99.9697445 27.707894 3917.31</gx:coord>
          <gx:coord>99.9697045 27.7078062 3917.18</gx:coord>
          <gx:coord>99.9696577 27.7077165 3917.55</gx:coord>
          <gx:coord>99.9696224 27.7076147 3918.26</gx:coord>
          <gx:coord>99.9696006 27.7075185 3919.26</gx:coord>
          <gx:coord>99.9696017 27.7074237 3919.99</gx:coord>
          <gx:coord>99.9695704 27.7073303 3920.72</gx:coord>
          <gx:coord>99.9695294 27.7072381 3920.81</gx:coord>
          <gx:coord>99.9695155 27.7071475 3921.62</gx:coord>
          <gx:coord>99.9694834 27.7070544 3923.0</gx:coord>
          <gx:coord>99.9694534 27.7069549 3924.04</gx:coord>
          <gx:coord>99.9694058 27.7068635 3925.3</gx:coord>
          <gx:coord>99.9693951 27.7067667 3926.81</gx:coord>
          <gx:coord>99.9693637 27.7066687 3928.09</gx:coord>
          <gx:coord>99.9693389 27.7065721 3929.17</gx:coord>
          <gx:coord>99.9693417 27.7064786 3930.26</gx:coord>
          <gx:coord>99.9693505 27.7063825 3931.12</gx:coord>
          <gx:coord>99.9693548 27.7062837 3931.6</gx:coord>
          <gx:coord>99.9693362 27.7061868 3931.9</gx:coord>
          <gx:coord>99.9693013 27.7060834 3932.33</gx:coord>
          <gx:coord>99.9692639 27.7059883 3933.03</gx:coord>
          <gx:coord>99.9692387 27.7059479 3933.25</gx:coord>
          <gx:coord>99.9692 27.7058791 3933.04</gx:coord>
          <gx:coord>99.9691415 27.7057949 3933.0</gx:coord>
          <gx:coord>99.9690962 27.7057074 3933.56</gx:coord>
          <gx:coord>99.9690411 27.7056142 3934.12</gx:coord>
          <gx:coord>99.9689992 27.7055193 3934.33</gx:coord>
          <gx:coord>99.9689739 27.7054124 3934.55</gx:coord>
          <gx:coord>99.968959 27.7053054 3934.09</gx:coord>
          <gx:coord>99.9689471 27.705208 3934.05</gx:coord>
          <gx:coord>99.9689369 27.7051059 3934.32</gx:coord>
          <gx:coord>99.9689019 27.7050071 3934.44</gx:coord>
          <gx:coord>99.9688666 27.704908 3934.93</gx:coord>
          <gx:coord>99.9688367 27.7048114 3935.31</gx:coord>
          <gx:coord>99.9688184 27.7047138 3934.72</gx:coord>
          <gx:coord>99.9687693 27.7046259 3934.5</gx:coord>
          <gx:coord>99.9687329 27.7045268 3934.31</gx:coord>
          <gx:coord>99.9687233 27.704427 3934.08</gx:coord>
          <gx:coord>99.9686935 27.7043341 3933.62</gx:coord>
          <gx:coord>99.9686588 27.7042473 3933.23</gx:coord>
          <gx:coord>99.9686459 27.7041988 3933.07</gx:coord>
          <gx:coord>99.9686758 27.7041151 3932.69</gx:coord>
          <gx:coord>99.9687038 27.7040133 3931.64</gx:coord>
          <gx:coord>99.9687054 27.7039145 3930.58</gx:coord>
          <gx:coord>99.9686854 27.7038186 3929.96</gx:coord>
          <gx:coord>99.9686595 27.7037286 3929.28</gx:coord>
          <gx:coord>99.9686074 27.7036464 3929.1</gx:coord>
          <gx:coord>99.9685634 27.7035376 3928.09</gx:coord>
          <gx:coord>99.9685291 27.703442 3927.38</gx:coord>
          <gx:coord>99.9685071 27.703338 3927.09</gx:coord>
          <gx:coord>99.9684948 27.7032353 3926.75</gx:coord>
          <gx:coord>99.9684817 27.703126 3926.63</gx:coord>
          <gx:coord>99.9684782 27.7030205 3926.64</gx:coord>
          <gx:coord>99.968475 27.7029199 3927.05</gx:coord>
          <gx:coord>99.9684754 27.7028718 3927.52</gx:coord>
          <gx:coord>99.9684808 27.7027851 3927.81</gx:coord>
          <gx:coord>99.968469 27.7027307 3928.25</gx:coord>
          <gx:coord>99.9684859 27.7026513 3928.55</gx:coord>
          <gx:coord>99.9684897 27.7025598 3928.53</gx:coord>
          <gx:coord>99.9684708 27.7024516 3928.69</gx:coord>
          <gx:coord>99.9684306 27.7023549 3928.64</gx:coord>
          <gx:coord>99.9683787 27.7022788 3928.65</gx:coord>
          <gx:coord>99.9683383 27.7021879 3928.78</gx:coord>
          <gx:coord>99.9683049 27.702097 3928.92</gx:coord>
          <gx:coord>99.9682851 27.7020549 3928.99</gx:coord>
          <gx:coord>99.9682402 27.7019795 3929.13</gx:coord>
          <gx:coord>99.9681897 27.7018964 3929.25</gx:coord>
          <gx:coord>99.9681209 27.7018116 3929.72</gx:coord>
          <gx:coord>99.968083 27.7017637 3930.44</gx:coord>
          <gx:coord>99.9680304 27.7016875 3930.91</gx:coord>
          <gx:coord>99.9679609 27.7015908 3930.76</gx:coord>
          <gx:coord>99.9678878 27.7015071 3930.96</gx:coord>
          <gx:coord>99.9678244 27.7014258 3931.37</gx:coord>
          <gx:coord>99.9677542 27.7013415 3931.67</gx:coord>
          <gx:coord>99.9676848 27.7012499 3931.85</gx:coord>
          <gx:coord>99.96762 27.7011585 3932.01</gx:coord>
          <gx:coord>99.9675636 27.7010784 3932.36</gx:coord>
          <gx:coord>99.9675069 27.7009853 3932.47</gx:coord>
          <gx:coord>99.9674362 27.7009081 3932.89</gx:coord>
          <gx:coord>99.9673993 27.7008228 3933.32</gx:coord>
          <gx:coord>99.9673541 27.7007353 3933.52</gx:coord>
          <gx:coord>99.9673017 27.7006388 3933.55</gx:coord>
          <gx:coord>99.9672447 27.700544 3933.44</gx:coord>
          <gx:coord>99.9671946 27.7004599 3933.55</gx:coord>
          <gx:coord>99.9671461 27.7003718 3934.01</gx:coord>
          <gx:coord>99.9670955 27.7002847 3934.26</gx:coord>
          <gx:coord>99.9670121 27.7002101 3934.16</gx:coord>
          <gx:coord>99.9669359 27.700143 3934.27</gx:coord>
          <gx:coord>99.9668399 27.7000774 3934.38</gx:coord>
          <gx:coord>99.9667502 27.7000147 3934.39</gx:coord>
          <gx:coord>99.9666632 27.6999562 3934.05</gx:coord>
          <gx:coord>99.9666335 27.6999349 3933.95</gx:coord>
          <gx:coord>99.9665706 27.6998923 3933.9</gx:coord>
          <gx:coord>99.9664762 27.6998417 3933.31</gx:coord>
          <gx:coord>99.9663745 27.6997906 3933.2</gx:coord>
          <gx:coord>99.9662617 27.6997472 3933.33</gx:coord>
          <gx:coord>99.9661423 27.6997202 3933.41</gx:coord>
          <gx:coord>99.966021 27.6997057 3932.94</gx:coord>
          <gx:coord>99.9659064 27.6996992 3932.13</gx:coord>
          <gx:coord>99.9657907 27.6996803 3932.3</gx:coord>
          <gx:coord>99.9656881 27.6996532 3932.4</gx:coord>
          <gx:coord>99.9656019 27.6996026 3932.28</gx:coord>
          <gx:coord>99.9654992 27.6995646 3932.63</gx:coord>
          <gx:coord>99.965416 27.6994945 3933.45</gx:coord>
          <gx:coord>99.9653369 27.6994158 3934.51</gx:coord>
          <gx:coord>99.9652704 27.6993253 3934.35</gx:coord>
          <gx:coord>99.9651776 27.6992817 3933.48</gx:coord>
          <gx:coord>99.9651455 27.6992752 3932.52</gx:coord>
          <gx:coord>99.9650794 27.6992403 3931.95</gx:coord>
          <gx:coord>99.9649779 27.6992111 3931.24</gx:coord>
          <gx:coord>99.9648588 27.6991951 3929.69</gx:coord>
          <gx:coord>99.9647441 27.6991788 3928.13</gx:coord>
          <gx:coord>99.964628 27.6991637 3927.02</gx:coord>
          <gx:coord>99.9645712 27.6991556 3925.01</gx:coord>
          <gx:coord>99.9644845 27.6991393 3923.1</gx:coord>
          <gx:coord>99.9643953 27.6990941 3922.0</gx:coord>
          <gx:coord>99.9643411 27.6990095 3921.64</gx:coord>
          <gx:coord>99.9643212 27.6989061 3921.3</gx:coord>
          <gx:coord>99.9642864 27.6988062 3921.32</gx:coord>
          <gx:coord>99.9642318 27.6987061 3921.01</gx:coord>
          <gx:coord>99.9641812 27.6986109 3920.2</gx:coord>
          <gx:coord>99.9641212 27.6985272 3920.35</gx:coord>
          <gx:coord>99.9640469 27.6984455 3920.17</gx:coord>
          <gx:coord>99.9639595 27.6983846 3919.67</gx:coord>
          <gx:coord>99.9638657 27.6983225 3919.74</gx:coord>
          <gx:coord>99.9637729 27.6982606 3919.72</gx:coord>
          <gx:coord>99.9636831 27.6981978 3919.27</gx:coord>
          <gx:coord>99.9635689 27.6981873 3918.59</gx:coord>
          <gx:coord>99.9634796 27.6981415 3917.24</gx:coord>
          <gx:coord>99.9633979 27.698081 3916.5</gx:coord>
          <gx:coord>99.9633381 27.6980045 3916.27</gx:coord>
          <gx:coord>99.9633054 27.6979515 3915.91</gx:coord>
          <gx:coord>99.9632378 27.6978894 3916.19</gx:coord>
          <gx:coord>99.9631343 27.6978529 3916.27</gx:coord>
          <gx:coord>99.9630262 27.697815 3915.87</gx:coord>
          <gx:coord>99.9629158 27.697775 3916.1</gx:coord>
          <gx:coord>99.9628037 27.6977411 3916.17</gx:coord>
          <gx:coord>99.9627025 27.6976948 3916.67</gx:coord>
          <gx:coord>99.9625942 27.6976537 3915.66</gx:coord>
          <gx:coord>99.9625114 27.697587 3915.21</gx:coord>
          <gx:coord>99.9624449 27.6975051 3914.6</gx:coord>
          <gx:coord>99.9623721 27.6974207 3913.92</gx:coord>
          <gx:coord>99.9622812 27.6973448 3913.09</gx:coord>
          <gx:coord>99.9621923 27.6972877 3912.38</gx:coord>
          <gx:coord>99.9620917 27.6972299 3911.65</gx:coord>
          <gx:coord>99.9619952 27.6971762 3911.93</gx:coord>
          <gx:coord>99.961907 27.6971072 3911.68</gx:coord>
          <gx:coord>99.9618369 27.6970359 3910.97</gx:coord>
          <gx:coord>99.9617518 27.6969756 3910.37</gx:coord>
          <gx:coord>99.9616522 27.6969449 3909.98</gx:coord>
          <gx:coord>99.9615428 27.6969384 3909.82</gx:coord>
          <gx:coord>99.9614312 27.6969397 3910.03</gx:coord>
          <gx:coord>99.9613266 27.6969164 3910.38</gx:coord>
          <gx:coord>99.9612268 27.6968899 3910.18</gx:coord>
          <gx:coord>99.9611312 27.6968523 3909.54</gx:coord>
          <gx:coord>99.9610313 27.6968222 3908.12</gx:coord>
          <gx:coord>99.9609365 27.6967851 3906.03</gx:coord>
          <gx:coord>99.9608274 27.6967696 3904.96</gx:coord>
          <gx:coord>99.9607212 27.6967505 3903.6</gx:coord>
          <gx:coord>99.9606123 27.6967224 3902.28</gx:coord>
          <gx:coord>99.9605056 27.6966757 3901.79</gx:coord>
          <gx:coord>99.9603975 27.6966358 3900.53</gx:coord>
          <gx:coord>99.9602836 27.696603 3899.46</gx:coord>
          <gx:coord>99.9601806 27.6965451 3897.99</gx:coord>
          <gx:coord>99.9600776 27.6964867 3897.17</gx:coord>
          <gx:coord>99.9599746 27.696422 3896.07</gx:coord>
          <gx:coord>99.9598834 27.696364 3895.27</gx:coord>
          <gx:coord>99.9598015 27.6963081 3894.73</gx:coord>
          <gx:coord>99.9597109 27.696248 3894.41</gx:coord>
          <gx:coord>99.9596243 27.6961958 3894.49</gx:coord>
          <gx:coord>99.9595185 27.6961524 3894.45</gx:coord>
          <gx:coord>99.9594087 27.6961136 3894.95</gx:coord>
          <gx:coord>99.9593088 27.6960625 3893.92</gx:coord>
          <gx:coord>99.9592134 27.6960054 3892.87</gx:coord>
          <gx:coord>99.9591141 27.6959457 3891.35</gx:coord>
          <gx:coord>99.959002 27.6959078 3890.44</gx:coord>
          <gx:coord>99.9589029 27.695866 3889.71</gx:coord>
          <gx:coord>99.9588071 27.6958054 3888.95</gx:coord>
          <gx:coord>99.9587142 27.6957391 3888.83</gx:coord>
          <gx:coord>99.9586122 27.6956795 3888.15</gx:coord>
          <gx:coord>99.958511 27.695613 3886.49</gx:coord>
          <gx:coord>99.9584173 27.6955646 3885.51</gx:coord>
          <gx:coord>99.9583229 27.6955183 3885.13</gx:coord>
          <gx:coord>99.9582228 27.6954664 3884.29</gx:coord>
          <gx:coord>99.9581303 27.6954053 3885.14</gx:coord>
          <gx:coord>99.9580421 27.6953492 3886.07</gx:coord>
          <gx:coord>99.9579447 27.6952866 3886.34</gx:coord>
          <gx:coord>99.9578907 27.6952002 3886.45</gx:coord>
          <gx:coord>99.9578157 27.6951229 3888.45</gx:coord>
          <gx:coord>99.9577514 27.6950628 3888.99</gx:coord>
          <gx:coord>99.957689 27.6949962 3887.75</gx:coord>
          <gx:coord>99.9575967 27.6949305 3886.85</gx:coord>
          <gx:coord>99.9575209 27.6948605 3885.88</gx:coord>
          <gx:coord>99.9574421 27.6947999 3885.42</gx:coord>
          <gx:coord>99.9574049 27.6947578 3884.44</gx:coord>
          <gx:coord>99.9573248 27.6947134 3884.7</gx:coord>
          <gx:coord>99.9572247 27.6946624 3883.59</gx:coord>
          <gx:coord>99.9571105 27.6946127 3882.83</gx:coord>
          <gx:coord>99.9569994 27.6945634 3882.7</gx:coord>
          <gx:coord>99.9568878 27.6945096 3882.9</gx:coord>
          <gx:coord>99.9567779 27.6944554 3883.26</gx:coord>
          <gx:coord>99.9566886 27.6943988 3883.73</gx:coord>
          <gx:coord>99.9565842 27.6943457 3883.64</gx:coord>
          <gx:coord>99.9564938 27.6942959 3883.53</gx:coord>
          <gx:coord>99.9563934 27.6942451 3883.88</gx:coord>
          <gx:coord>99.9562915 27.694205 3883.81</gx:coord>
          <gx:coord>99.9561855 27.6941651 3883.73</gx:coord>
          <gx:coord>99.9560812 27.6941093 3883.31</gx:coord>
          <gx:coord>99.9559823 27.694047 3883.26</gx:coord>
          <gx:coord>99.9558798 27.6939875 3883.4</gx:coord>
          <gx:coord>99.955774 27.6939352 3883.21</gx:coord>
          <gx:coord>99.9556748 27.693886 3883.45</gx:coord>
          <gx:coord>99.9555794 27.6938344 3883.57</gx:coord>
          <gx:coord>99.9554775 27.6937934 3884.1</gx:coord>
          <gx:coord>99.9553805 27.6937426 3884.53</gx:coord>
          <gx:coord>99.9552704 27.6937116 3884.48</gx:coord>
          <gx:coord>99.9551586 27.6936771 3884.7</gx:coord>
          <gx:coord>99.9550551 27.6936557 3885.36</gx:coord>
          <gx:coord>99.9549445 27.6936396 3885.29</gx:coord>
          <gx:coord>99.9548345 27.6936034 3885.57</gx:coord>
          <gx:coord>99.9547263 27.6935518 3885.23</gx:coord>
          <gx:coord>99.95461 27.6935294 3885.7</gx:coord>
          <gx:coord>99.9545013 27.6934877 3886.02</gx:coord>
          <gx:coord>99.9543938 27.6934594 3886.04</gx:coord>
          <gx:coord>99.9542745 27.6934368 3886.1</gx:coord>
          <gx:coord>99.9541628 27.6934094 3886.55</gx:coord>
          <gx:coord>99.954078 27.6933887 3886.29</gx:coord>
          <gx:coord>99.9540035 27.6933352 3886.45</gx:coord>
          <gx:coord>99.9539179 27.6932777 3886.67</gx:coord>
          <gx:coord>99.9538285 27.6932269 3887.21</gx:coord>
          <gx:coord>99.9537231 27.6931938 3888.06</gx:coord>
          <gx:coord>99.9536176 27.6931614 3889.21</gx:coord>
          <gx:coord>99.9535147 27.6931175 3889.97</gx:coord>
          <gx:coord>99.9534135 27.6930857 3890.47</gx:coord>
          <gx:coord>99.9533709 27.6930568 3890.71</gx:coord>
          <gx:coord>99.9533098 27.6930041 3891.11</gx:coord>
          <gx:coord>99.9532324 27.6929468 3891.02</gx:coord>
          <gx:coord>99.9531385 27.6929128 3890.76</gx:coord>
          <gx:coord>99.9530316 27.692886 3891.15</gx:coord>
          <gx:coord>99.9529222 27.6928654 3891.1</gx:coord>
          <gx:coord>99.9528767 27.6928581 3891.61</gx:coord>
          <gx:coord>99.9527773 27.692847 3892.02</gx:coord>
          <gx:coord>99.9526626 27.6928187 3892.67</gx:coord>
          <gx:coord>99.9526026 27.6928077 3892.97</gx:coord>
          <gx:coord>99.9525112 27.6928043 3893.12</gx:coord>
          <gx:coord>99.9524103 27.6927681 3893.29</gx:coord>
          <gx:coord>99.9523008 27.692739 3892.93</gx:coord>
          <gx:coord>99.9521787 27.6927232 3893.91</gx:coord>
          <gx:coord>99.9520521 27.6927216 3894.24</gx:coord>
          <gx:coord>99.951929 27.6927106 3895.08</gx:coord>
          <gx:coord>99.9518062 27.6927308 3895.52</gx:coord>
          <gx:coord>99.9517221 27.6927465 3896.36</gx:coord>
          <gx:coord>99.9516214 27.6927506 3897.36</gx:coord>
          <gx:coord>99.9515065 27.6927464 3898.17</gx:coord>
          <gx:coord>99.9513975 27.6927554 3898.6</gx:coord>
          <gx:coord>99.9512925 27.6927964 3899.1</gx:coord>
          <gx:coord>99.9511879 27.6928021 3900.38</gx:coord>
          <gx:coord>99.9511128 27.6928164 3901.68</gx:coord>
          <gx:coord>99.9510139 27.6928487 3902.18</gx:coord>
          <gx:coord>99.9509184 27.6928901 3903.23</gx:coord>
          <gx:coord>99.950831 27.6929428 3904.56</gx:coord>
          <gx:coord>99.9507406 27.6929986 3906.05</gx:coord>
          <gx:coord>99.9506418 27.6930466 3907.63</gx:coord>
          <gx:coord>99.9505869 27.6930636 3909.2</gx:coord>
          <gx:coord>99.9505088 27.693098 3910.65</gx:coord>
          <gx:coord>99.9504071 27.6931403 3911.86</gx:coord>
          <gx:coord>99.9502875 27.6931717 3913.36</gx:coord>
          <gx:coord>99.9501678 27.6932037 3914.93</gx:coord>
          <gx:coord>99.9500669 27.6932411 3915.47</gx:coord>
          <gx:coord>99.9499773 27.6932982 3916.23</gx:coord>
          <gx:coord>99.9499061 27.6933673 3917.03</gx:coord>
          <gx:coord>99.9498542 27.6934525 3918.15</gx:coord>
          <gx:coord>99.9497777 27.6935136 3918.73</gx:coord>
          <gx:coord>99.9496928 27.6935714 3919.4</gx:coord>
          <gx:coord>99.9495985 27.6936199 3919.76</gx:coord>
          <gx:coord>99.9495189 27.6936941 3920.24</gx:coord>
          <gx:coord>99.9494507 27.6937747 3920.8</gx:coord>
          <gx:coord>99.9493974 27.6938664 3921.2</gx:coord>
          <gx:coord>99.9493379 27.6939577 3921.51</gx:coord>
          <gx:coord>99.9493003 27.6940484 3921.89</gx:coord>
          <gx:coord>99.9492534 27.6941335 3922.28</gx:coord>
          <gx:coord>99.9492014 27.6942255 3922.66</gx:coord>
          <gx:coord>99.949162 27.6943167 3922.75</gx:coord>
          <gx:coord>99.9491098 27.6944127 3922.43</gx:coord>
          <gx:coord>99.949055 27.6945027 3922.44</gx:coord>
          <gx:coord>99.9489999 27.6945935 3922.64</gx:coord>
          <gx:coord>99.948949 27.6946825 3922.74</gx:coord>
          <gx:coord>99.9489408 27.6947824 3922.85</gx:coord>
          <gx:coord>99.9489024 27.6948779 3922.82</gx:coord>
          <gx:coord>99.9488506 27.6949674 3923.73</gx:coord>
          <gx:coord>99.9487916 27.6950525 3924.9</gx:coord>
          <gx:coord>99.9487251 27.6951258 3925.53</gx:coord>
          <gx:coord>99.9486496 27.6951878 3926.04</gx:coord>
          <gx:coord>99.948557 27.6952472 3926.97</gx:coord>
          <gx:coord>99.9484581 27.6953003 3928.86</gx:coord>
          <gx:coord>99.9483714 27.6953631 3931.07</gx:coord>
          <gx:coord>99.948292 27.6954287 3933.74</gx:coord>
          <gx:coord>99.948201 27.6954837 3935.36</gx:coord>
          <gx:coord>99.9481346 27.6955562 3936.37</gx:coord>
          <gx:coord>99.9480865 27.6956388 3938.31</gx:coord>
          <gx:coord>99.9480199 27.6957127 3940.51</gx:coord>
          <gx:coord>99.9479398 27.6957787 3942.23</gx:coord>
          <gx:coord>99.9478558 27.6958468 3942.66</gx:coord>
          <gx:coord>99.9478569 27.6958428 3943.75</gx:coord>
          <gx:coord>99.9477909 27.6958578 3944.18</gx:coord>
          <gx:coord>99.9476852 27.6958417 3945.68</gx:coord>
          <gx:coord>99.9475678 27.6958239 3947.51</gx:coord>
          <gx:coord>99.9474773 27.6958738 3948.72</gx:coord>
          <gx:coord>99.9474037 27.6959459 3949.89</gx:coord>
          <gx:coord>99.9473299 27.6960178 3951.83</gx:coord>
          <gx:coord>99.9472538 27.6960873 3953.25</gx:coord>
          <gx:coord>99.9471572 27.6961328 3953.28</gx:coord>
          <gx:coord>99.9470511 27.6961603 3954.44</gx:coord>
          <gx:coord>99.9469645 27.6962213 3956.53</gx:coord>
          <gx:coord>99.94689 27.6962901 3957.62</gx:coord>
          <gx:coord>99.9468141 27.6963519 3957.65</gx:coord>
          <gx:coord>99.9467259 27.6964054 3958.74</gx:coord>
          <gx:coord>99.9466422 27.6964767 3959.69</gx:coord>
          <gx:coord>99.946567 27.6965459 3960.79</gx:coord>
          <gx:coord>99.9465025 27.6966174 3961.88</gx:coord>
          <gx:coord>99.9464338 27.6966998 3962.44</gx:coord>
          <gx:coord>99.9463423 27.6967693 3962.41</gx:coord>
          <gx:coord>99.9462694 27.6968437 3962.94</gx:coord>
          <gx:coord>99.9462162 27.6969157 3962.89</gx:coord>
          <gx:coord>99.9461804 27.6969979 3962.7</gx:coord>
          <gx:coord>99.9461264 27.6970802 3963.24</gx:coord>
          <gx:coord>99.9460816 27.6971656 3963.3</gx:coord>
          <gx:coord>99.9460198 27.6972565 3962.45</gx:coord>
          <gx:coord>99.9459618 27.6973395 3961.6</gx:coord>
          <gx:coord>99.9458921 27.6974231 3961.21</gx:coord>
          <gx:coord>99.9458263 27.6975085 3960.96</gx:coord>
          <gx:coord>99.9457846 27.6976103 3960.32</gx:coord>
          <gx:coord>99.945738 27.6977026 3960.42</gx:coord>
          <gx:coord>99.9456727 27.6977817 3960.46</gx:coord>
          <gx:coord>99.9456104 27.6978718 3961.05</gx:coord>
          <gx:coord>99.9455528 27.6979517 3960.55</gx:coord>
          <gx:coord>99.9454829 27.698032 3960.39</gx:coord>
          <gx:coord>99.9454226 27.6981157 3960.15</gx:coord>
          <gx:coord>99.9453972 27.6981536 3959.42</gx:coord>
          <gx:coord>99.9453609 27.6982201 3959.31</gx:coord>
          <gx:coord>99.9453049 27.6982992 3958.89</gx:coord>
          <gx:coord>99.9452433 27.6983794 3958.7</gx:coord>
          <gx:coord>99.9451826 27.6984569 3958.38</gx:coord>
          <gx:coord>99.9451117 27.6985466 3957.87</gx:coord>
          <gx:coord>99.9450406 27.6986392 3957.35</gx:coord>
          <gx:coord>99.9449862 27.6987312 3956.98</gx:coord>
          <gx:coord>99.9449398 27.6988274 3956.17</gx:coord>
          <gx:coord>99.9448848 27.6989177 3955.05</gx:coord>
          <gx:coord>99.9448376 27.6990059 3954.43</gx:coord>
          <gx:coord>99.9447887 27.6991015 3953.81</gx:coord>
          <gx:coord>99.9447424 27.6992029 3953.42</gx:coord>
          <gx:coord>99.9446804 27.6992951 3953.07</gx:coord>
          <gx:coord>99.9446303 27.6993919 3953.07</gx:coord>
          <gx:coord>99.9446016 27.6994826 3952.49</gx:coord>
          <gx:coord>99.9445533 27.6995751 3951.68</gx:coord>
          <gx:coord>99.944485 27.6996575 3950.89</gx:coord>
          <gx:coord>99.9444186 27.6997404 3950.07</gx:coord>
          <gx:coord>99.9443615 27.6998189 3949.54</gx:coord>
          <gx:coord>99.9443117 27.6999038 3949.06</gx:coord>
          <gx:coord>99.9442571 27.6999901 3948.34</gx:coord>
          <gx:coord>99.9441859 27.7000669 3948.08</gx:coord>
          <gx:coord>99.9441159 27.7001511 3948.21</gx:coord>
          <gx:coord>99.9440579 27.7002357 3948.0</gx:coord>
          <gx:coord>99.9439948 27.700313 3946.94</gx:coord>
          <gx:coord>99.9439463 27.7003933 3946.07</gx:coord>
          <gx:coord>99.9438823 27.700466 3945.17</gx:coord>
          <gx:coord>99.943829 27.7005569 3944.51</gx:coord>
          <gx:coord>99.9438005 27.7006185 3943.92</gx:coord>
          <gx:coord>99.9437388 27.7005737 3943.26</gx:coord>
          <gx:coord>99.9436478 27.7005064 3941.54</gx:coord>
          <gx:coord>99.943548 27.7005209 3938.75</gx:coord>
          <gx:coord>99.9434493 27.7005748 3936.27</gx:coord>
          <gx:coord>99.9433516 27.700621 3934.07</gx:coord>
          <gx:coord>99.9432696 27.7005802 3932.27</gx:coord>
          <gx:coord>99.9431665 27.7005577 3930.3</gx:coord>
          <gx:coord>99.9430585 27.7005677 3928.46</gx:coord>
          <gx:coord>99.942957 27.7006176 3925.3</gx:coord>
          <gx:coord>99.9429034 27.7006346 3923.6</gx:coord>
          <gx:coord>99.9428288 27.7005895 3922.8</gx:coord>
          <gx:coord>99.9427226 27.7005538 3921.94</gx:coord>
          <gx:coord>99.9426119 27.7005694 3920.07</gx:coord>
          <gx:coord>99.9424986 27.7005588 3918.46</gx:coord>
          <gx:coord>99.9424755 27.7005634 3918.57</gx:coord>
          <gx:coord>99.9424017 27.7005678 3918.43</gx:coord>
          <gx:coord>99.9423705 27.7005605 3917.12</gx:coord>
          <gx:coord>99.9422756 27.7005392 3916.07</gx:coord>
          <gx:coord>99.9421617 27.7005195 3914.85</gx:coord>
          <gx:coord>99.9420558 27.7004766 3914.94</gx:coord>
          <gx:coord>99.9419875 27.7004052 3916.22</gx:coord>
          <gx:coord>99.9419088 27.7003318 3918.21</gx:coord>
          <gx:coord>99.9418078 27.7003023 3920.75</gx:coord>
          <gx:coord>99.9417074 27.7003306 3922.82</gx:coord>
          <gx:coord>99.9416092 27.7003855 3924.05</gx:coord>
          <gx:coord>99.9415196 27.700448 3924.9</gx:coord>
          <gx:coord>99.9414451 27.700519 3926.13</gx:coord>
          <gx:coord>99.9413492 27.7005614 3927.53</gx:coord>
          <gx:coord>99.9412475 27.7005817 3928.6</gx:coord>
          <gx:coord>99.941132 27.7006006 3929.16</gx:coord>
          <gx:coord>99.9410081 27.7005926 3929.17</gx:coord>
          <gx:coord>99.9409068 27.7005439 3929.71</gx:coord>
          <gx:coord>99.9408793 27.7005187 3931.24</gx:coord>
          <gx:coord>99.9408171 27.7004578 3932.29</gx:coord>
          <gx:coord>99.9407253 27.7004139 3932.96</gx:coord>
          <gx:coord>99.940617 27.7003993 3933.72</gx:coord>
          <gx:coord>99.9405045 27.7004035 3935.04</gx:coord>
          <gx:coord>99.9403847 27.700414 3935.48</gx:coord>
          <gx:coord>99.9402719 27.7004444 3935.93</gx:coord>
          <gx:coord>99.9401611 27.7004666 3936.66</gx:coord>
          <gx:coord>99.9400488 27.7004656 3937.39</gx:coord>
          <gx:coord>99.9399376 27.7004732 3937.74</gx:coord>
          <gx:coord>99.9398531 27.7005219 3938.93</gx:coord>
          <gx:coord>99.9397527 27.7005624 3940.13</gx:coord>
          <gx:coord>99.9396559 27.7006107 3941.92</gx:coord>
          <gx:coord>99.9395593 27.7006645 3942.16</gx:coord>
          <gx:coord>99.9394572 27.7007057 3941.75</gx:coord>
          <gx:coord>99.9393544 27.7007396 3941.29</gx:coord>
          <gx:coord>99.9392737 27.7008006 3941.21</gx:coord>
          <gx:coord>99.9391841 27.7008459 3940.26</gx:coord>
          <gx:coord>99.9390843 27.7008798 3940.11</gx:coord>
          <gx:coord>99.9389765 27.7008992 3940.51</gx:coord>
          <gx:coord>99.9388657 27.7008935 3941.72</gx:coord>
          <gx:coord>99.938749 27.7008734 3942.6</gx:coord>
          <gx:coord>99.9386335 27.7008782 3943.52</gx:coord>
          <gx:coord>99.938515 27.7008918 3944.67</gx:coord>
          <gx:coord>99.9383948 27.7009088 3945.56</gx:coord>
          <gx:coord>99.9382732 27.7009144 3945.89</gx:coord>
          <gx:coord>99.9381609 27.7009471 3946.79</gx:coord>
          <gx:coord>99.9380557 27.7009349 3946.9</gx:coord>
          <gx:coord>99.9379662 27.700881 3947.25</gx:coord>
          <gx:coord>99.9379475 27.7008605 3947.66</gx:coord>
          <gx:coord>99.9378744 27.7008669 3948.09</gx:coord>
          <gx:coord>99.9377652 27.7008854 3948.2</gx:coord>
          <gx:coord>99.9376579 27.7009144 3948.05</gx:coord>
          <gx:coord>99.9375515 27.7009391 3947.72</gx:coord>
          <gx:coord>99.9374393 27.7009616 3948.01</gx:coord>
          <gx:coord>99.9373302 27.7009889 3947.93</gx:coord>
          <gx:coord>99.9372259 27.7010153 3948.11</gx:coord>
          <gx:coord>99.9371167 27.7010203 3948.87</gx:coord>
          <gx:coord>99.9370091 27.7010248 3949.33</gx:coord>
          <gx:coord>99.9369005 27.7009975 3950.37</gx:coord>
          <gx:coord>99.9367892 27.7009991 3951.79</gx:coord>
          <gx:coord>99.9366773 27.7009864 3953.14</gx:coord>
          <gx:coord>99.9365687 27.7009684 3954.04</gx:coord>
          <gx:coord>99.9364999 27.7009339 3954.63</gx:coord>
          <gx:coord>99.9364368 27.700865 3954.98</gx:coord>
          <gx:coord>99.9363485 27.7008009 3955.81</gx:coord>
          <gx:coord>99.9362544 27.7007523 3957.23</gx:coord>
          <gx:coord>99.9361542 27.7007128 3957.1</gx:coord>
          <gx:coord>99.9360438 27.7006958 3957.84</gx:coord>
          <gx:coord>99.9359351 27.7006777 3958.6</gx:coord>
          <gx:coord>99.9358276 27.7006712 3959.37</gx:coord>
          <gx:coord>99.9357234 27.7006657 3959.87</gx:coord>
          <gx:coord>99.9356402 27.7006721 3960.49</gx:coord>
          <gx:coord>99.9355407 27.7006834 3960.8</gx:coord>
          <gx:coord>99.9354343 27.7006957 3961.21</gx:coord>
          <gx:coord>99.9353295 27.7006802 3961.43</gx:coord>
          <gx:coord>99.935224 27.7006556 3961.87</gx:coord>
          <gx:coord>99.9351277 27.7006815 3962.1</gx:coord>
          <gx:coord>99.935023 27.7007064 3962.55</gx:coord>
          <gx:coord>99.9349315 27.7007279 3963.21</gx:coord>
          <gx:coord>99.9348276 27.7007376 3963.45</gx:coord>
          <gx:coord>99.9347219 27.7007695 3963.75</gx:coord>
          <gx:coord>99.9346177 27.7008055 3964.12</gx:coord>
          <gx:coord>99.9345163 27.7008484 3964.98</gx:coord>
          <gx:coord>99.9344154 27.7008482 3965.62</gx:coord>
          <gx:coord>99.9343091 27.7008486 3966.68</gx:coord>
          <gx:coord>99.934206 27.7008765 3967.95</gx:coord>
          <gx:coord>99.9341041 27.7008838 3968.34</gx:coord>
          <gx:coord>99.9339921 27.7008876 3969.58</gx:coord>
          <gx:coord>99.9338558 27.700888 3969.91</gx:coord>
          <gx:coord>99.9337397 27.7008995 3970.49</gx:coord>
          <gx:coord>99.9336325 27.70092 3970.96</gx:coord>
          <gx:coord>99.9335199 27.7009176 3972.66</gx:coord>
          <gx:coord>99.9334099 27.700934 3973.97</gx:coord>
          <gx:coord>99.9333995 27.7009416 3975.2</gx:coord>
          <gx:coord>99.9333608 27.7010005 3975.53</gx:coord>
          <gx:coord>99.9332601 27.7010084 3975.75</gx:coord>
          <gx:coord>99.933153 27.7009737 3976.73</gx:coord>
          <gx:coord>99.9330592 27.7009655 3977.41</gx:coord>
          <gx:coord>99.9329543 27.7009653 3978.59</gx:coord>
          <gx:coord>99.932837 27.700951 3978.66</gx:coord>
          <gx:coord>99.932731 27.7009318 3978.01</gx:coord>
          <gx:coord>99.9326341 27.700897 3977.91</gx:coord>
          <gx:coord>99.9325406 27.7008528 3977.64</gx:coord>
          <gx:coord>99.9324386 27.7008236 3978.08</gx:coord>
          <gx:coord>99.9323348 27.7007789 3978.67</gx:coord>
          <gx:coord>99.9322211 27.7007492 3978.64</gx:coord>
          <gx:coord>99.9321529 27.7007308 3979.04</gx:coord>
          <gx:coord>99.9320546 27.7007198 3979.14</gx:coord>
          <gx:coord>99.9319505 27.7006746 3980.02</gx:coord>
          <gx:coord>99.9318395 27.7006618 3981.08</gx:coord>
          <gx:coord>99.9317368 27.7006834 3982.14</gx:coord>
          <gx:coord>99.9316304 27.7006986 3982.9</gx:coord>
          <gx:coord>99.9315245 27.7007101 3982.7</gx:coord>
          <gx:coord>99.9314181 27.7007282 3982.44</gx:coord>
          <gx:coord>99.9313099 27.7007354 3982.7</gx:coord>
          <gx:coord>99.9312016 27.7007429 3982.7</gx:coord>
          <gx:coord>99.9310848 27.7007431 3983.19</gx:coord>
          <gx:coord>99.9309807 27.7007176 3984.28</gx:coord>
          <gx:coord>99.9308786 27.700701 3985.85</gx:coord>
          <gx:coord>99.9307738 27.7007043 3986.39</gx:coord>
          <gx:coord>99.9306667 27.7007311 3986.65</gx:coord>
          <gx:coord>99.930579 27.700785 3986.7</gx:coord>
          <gx:coord>99.9304835 27.7008138 3986.58</gx:coord>
          <gx:coord>99.9303751 27.700822 3987.3</gx:coord>
          <gx:coord>99.9302693 27.7007925 3988.41</gx:coord>
          <gx:coord>99.9301595 27.7007783 3989.27</gx:coord>
          <gx:coord>99.9300571 27.7007387 3990.01</gx:coord>
          <gx:coord>99.9299523 27.7006967 3990.99</gx:coord>
          <gx:coord>99.9298435 27.7006613 3991.46</gx:coord>
          <gx:coord>99.9297395 27.7006197 3992.04</gx:coord>
          <gx:coord>99.9296279 27.7005836 3992.6</gx:coord>
          <gx:coord>99.9295153 27.7005484 3992.92</gx:coord>
          <gx:coord>99.9294602 27.7005401 3993.41</gx:coord>
          <gx:coord>99.9293708 27.7005117 3993.74</gx:coord>
          <gx:coord>99.9292692 27.7005101 3993.36</gx:coord>
          <gx:coord>99.9291582 27.7005048 3992.89</gx:coord>
          <gx:coord>99.9290447 27.7005016 3992.99</gx:coord>
          <gx:coord>99.9289274 27.7004823 3992.92</gx:coord>
          <gx:coord>99.9288201 27.7004808 3992.88</gx:coord>
          <gx:coord>99.9287898 27.7004975 3992.4</gx:coord>
          <gx:coord>99.9287138 27.7004887 3991.71</gx:coord>
          <gx:coord>99.9286064 27.7004819 3991.93</gx:coord>
          <gx:coord>99.9284986 27.7004725 3992.54</gx:coord>
          <gx:coord>99.9283991 27.7004273 3992.75</gx:coord>
          <gx:coord>99.9283101 27.7003718 3993.21</gx:coord>
          <gx:coord>99.9282232 27.7003084 3994.43</gx:coord>
          <gx:coord>99.9281261 27.7002556 3996.34</gx:coord>
          <gx:coord>99.9280152 27.7002163 3998.48</gx:coord>
          <gx:coord>99.9279017 27.70019 3999.65</gx:coord>
          <gx:coord>99.9277966 27.7001756 3999.55</gx:coord>
          <gx:coord>99.927715 27.7001911 3999.57</gx:coord>
          <gx:coord>99.9276078 27.7001773 3999.85</gx:coord>
          <gx:coord>99.9274905 27.7001655 3999.6</gx:coord>
          <gx:coord>99.9273771 27.7001716 3999.54</gx:coord>
          <gx:coord>99.9272577 27.7001624 3999.03</gx:coord>
          <gx:coord>99.9271571 27.7001318 3999.08</gx:coord>
          <gx:coord>99.9270553 27.7000983 3999.46</gx:coord>
          <gx:coord>99.9269427 27.7000592 3999.33</gx:coord>
          <gx:coord>99.9268472 27.7000047 4000.12</gx:coord>
          <gx:coord>99.9267388 27.6999614 4000.6</gx:coord>
          <gx:coord>99.9266391 27.6999242 4000.86</gx:coord>
          <gx:coord>99.926542 27.6998771 4001.62</gx:coord>
          <gx:coord>99.9264559 27.6998227 4001.64</gx:coord>
          <gx:coord>99.9263578 27.6997922 4001.8</gx:coord>
          <gx:coord>99.9262586 27.6997593 4002.64</gx:coord>
          <gx:coord>99.9261646 27.6997078 4003.39</gx:coord>
          <gx:coord>99.926085 27.699642 4004.54</gx:coord>
          <gx:coord>99.9260223 27.6995662 4005.0</gx:coord>
          <gx:coord>99.9259277 27.6995198 4005.62</gx:coord>
          <gx:coord>99.9258289 27.6994737 4006.42</gx:coord>
          <gx:coord>99.9257341 27.6994341 4006.77</gx:coord>
          <gx:coord>99.92564 27.6993949 4007.54</gx:coord>
          <gx:coord>99.9255317 27.6993696 4008.87</gx:coord>
          <gx:coord>99.925422 27.699341 4010.47</gx:coord>
          <gx:coord>99.9253274 27.6992941 4011.71</gx:coord>
          <gx:coord>99.9252685 27.6992175 4012.38</gx:coord>
          <gx:coord>99.925263 27.6991952 4013.14</gx:coord>
          <gx:coord>99.9252186 27.6991427 4013.56</gx:coord>
          <gx:coord>99.9251296 27.6990903 4013.94</gx:coord>
          <gx:coord>99.9250437 27.6990261 4014.61</gx:coord>
          <gx:coord>99.9249358 27.6989808 4015.49</gx:coord>
          <gx:coord>99.9248276 27.6989452 4015.93</gx:coord>
          <gx:coord>99.924726 27.6989137 4016.72</gx:coord>
          <gx:coord>99.9246128 27.6989034 4017.66</gx:coord>
          <gx:coord>99.9245062 27.6989106 4018.19</gx:coord>
          <gx:coord>99.924405 27.698884 4018.63</gx:coord>
          <gx:coord>99.9243377 27.6988144 4019.6</gx:coord>
          <gx:coord>99.9242825 27.698727 4019.62</gx:coord>
          <gx:coord>99.9242032 27.6986583 4020.15</gx:coord>
          <gx:coord>99.9242968 27.6986964 4017.21</gx:coord>
          <gx:coord>99.9241921 27.6986508 4015.58</gx:coord>
          <gx:coord>99.9240991 27.6986909 4015.29</gx:coord>
          <gx:coord>99.9239966 27.698726 4016.48</gx:coord>
          <gx:coord>99.923887 27.6987532 4016.27</gx:coord>
          <gx:coord>99.9237826 27.6987518 4016.04</gx:coord>
          <gx:coord>99.9236656 27.6987486 4016.28</gx:coord>
          <gx:coord>99.9235487 27.6987625 4016.31</gx:coord>
          <gx:coord>99.9234355 27.6987747 4016.45</gx:coord>
          <gx:coord>99.9233358 27.6988107 4016.88</gx:coord>
          <gx:coord>99.9232238 27.6988479 4016.78</gx:coord>
          <gx:coord>99.9231046 27.6988696 4016.82</gx:coord>
          <gx:coord>99.9229948 27.698891 4018.14</gx:coord>
          <gx:coord>99.9228994 27.6989469 4019.0</gx:coord>
          <gx:coord>99.9228188 27.6990201 4018.9</gx:coord>
          <gx:coord>99.9227099 27.6990571 4018.77</gx:coord>
          <gx:coord>99.9225944 27.6990595 4020.2</gx:coord>
          <gx:coord>99.9224806 27.699049 4022.4</gx:coord>
          <gx:coord>99.9223758 27.6990703 4024.44</gx:coord>
          <gx:coord>99.9223026 27.699086 4025.08</gx:coord>
          <gx:coord>99.9222581 27.6991603 4025.15</gx:coord>
          <gx:coord>99.9222112 27.6992462 4023.68</gx:coord>
          <gx:coord>99.9221429 27.6993203 4023.41</gx:coord>
          <gx:coord>99.9220291 27.6993425 4023.78</gx:coord>
          <gx:coord>99.9219079 27.699358 4025.28</gx:coord>
          <gx:coord>99.9217975 27.6993527 4027.42</gx:coord>
          <gx:coord>99.9216958 27.6993231 4030.68</gx:coord>
          <gx:coord>99.9215916 27.6993276 4034.12</gx:coord>
          <gx:coord>99.9214825 27.6993454 4037.02</gx:coord>
          <gx:coord>99.9213775 27.6993281 4039.71</gx:coord>
          <gx:coord>99.9212753 27.6992921 4043.37</gx:coord>
          <gx:coord>99.921188 27.6992797 4046.05</gx:coord>
          <gx:coord>99.9211144 27.6993256 4048.7</gx:coord>
          <gx:coord>99.9210259 27.6993083 4047.06</gx:coord>
          <gx:coord>99.9209285 27.6992833 4047.79</gx:coord>
          <gx:coord>99.9208266 27.699242 4048.64</gx:coord>
          <gx:coord>99.9207385 27.6991778 4048.67</gx:coord>
          <gx:coord>99.9206764 27.6991004 4049.91</gx:coord>
          <gx:coord>99.9205972 27.699037 4051.1</gx:coord>
          <gx:coord>99.9205037 27.6990034 4053.32</gx:coord>
          <gx:coord>99.9203987 27.6989749 4056.49</gx:coord>
          <gx:coord>99.920283 27.698956 4057.76</gx:coord>
          <gx:coord>99.9201652 27.6989498 4058.92</gx:coord>
          <gx:coord>99.9200647 27.6989205 4059.73</gx:coord>
          <gx:coord>99.9199674 27.6988998 4062.53</gx:coord>
          <gx:coord>99.9198488 27.6988893 4064.33</gx:coord>
          <gx:coord>99.919744 27.6988639 4066.97</gx:coord>
          <gx:coord>99.9196322 27.6988512 4069.01</gx:coord>
          <gx:coord>99.9195274 27.6988386 4069.83</gx:coord>
          <gx:coord>99.9194367 27.6987835 4070.53</gx:coord>
          <gx:coord>99.9193386 27.698762 4071.96</gx:coord>
          <gx:coord>99.9192215 27.6987514 4073.68</gx:coord>
          <gx:coord>99.9191074 27.6987515 4075.98</gx:coord>
          <gx:coord>99.9189972 27.6987252 4077.24</gx:coord>
          <gx:coord>99.9188858 27.6987169 4078.69</gx:coord>
          <gx:coord>99.9188294 27.6987921 4080.43</gx:coord>
          <gx:coord>99.9187516 27.6988611 4079.06</gx:coord>
          <gx:coord>99.9186931 27.6989472 4079.59</gx:coord>
          <gx:coord>99.9186446 27.6990337 4080.72</gx:coord>
          <gx:coord>99.9185954 27.6991188 4082.37</gx:coord>
          <gx:coord>99.9185367 27.6992029 4084.06</gx:coord>
          <gx:coord>99.9184792 27.6992909 4085.87</gx:coord>
          <gx:coord>99.9184034 27.6993606 4087.38</gx:coord>
          <gx:coord>99.9183476 27.6994462 4089.81</gx:coord>
          <gx:coord>99.9183405 27.6993482 4091.17</gx:coord>
          <gx:coord>99.918357 27.6992591 4090.68</gx:coord>
          <gx:coord>99.9183212 27.6991668 4090.8</gx:coord>
          <gx:coord>99.9182604 27.6990855 4092.6</gx:coord>
          <gx:coord>99.9182035 27.6990019 4093.7</gx:coord>
          <gx:coord>99.918152 27.6989183 4094.16</gx:coord>
          <gx:coord>99.9180961 27.6988401 4093.42</gx:coord>
          <gx:coord>99.9180358 27.6987605 4093.45</gx:coord>
          <gx:coord>99.9179496 27.6987075 4091.8</gx:coord>
          <gx:coord>99.9178483 27.6986666 4092.88</gx:coord>
          <gx:coord>99.9177492 27.6986235 4094.02</gx:coord>
          <gx:coord>99.9176547 27.6985766 4093.72</gx:coord>
          <gx:coord>99.9175792 27.6985134 4094.57</gx:coord>
          <gx:coord>99.9175169 27.6984392 4095.58</gx:coord>
          <gx:coord>99.9174598 27.6983542 4096.56</gx:coord>
          <gx:coord>99.9174066 27.6982662 4099.63</gx:coord>
          <gx:coord>99.9173651 27.6981734 4101.91</gx:coord>
          <gx:coord>99.9173451 27.6980777 4101.93</gx:coord>
          <gx:coord>99.9173261 27.6979842 4100.84</gx:coord>
          <gx:coord>99.9173131 27.6978929 4100.66</gx:coord>
          <gx:coord>99.9173123 27.6977969 4100.38</gx:coord>
          <gx:coord>99.9173153 27.6977042 4101.45</gx:coord>
          <gx:coord>99.9173216 27.6976064 4102.67</gx:coord>
          <gx:coord>99.9173291 27.6975074 4103.48</gx:coord>
          <gx:coord>99.9173174 27.6974014 4105.78</gx:coord>
          <gx:coord>99.9172816 27.6973042 4107.31</gx:coord>
          <gx:coord>99.9172446 27.6972134 4110.08</gx:coord>
          <gx:coord>99.9172322 27.6971195 4111.06</gx:coord>
          <gx:coord>99.9172583 27.6970273 4110.54</gx:coord>
          <gx:coord>99.9172894 27.6969347 4110.57</gx:coord>
          <gx:coord>99.9173079 27.6968415 4111.15</gx:coord>
          <gx:coord>99.9172791 27.6967536 4112.72</gx:coord>
          <gx:coord>99.9171813 27.6967307 4115.14</gx:coord>
          <gx:coord>99.9170782 27.69669 4118.0</gx:coord>
          <gx:coord>99.9169779 27.6966368 4120.61</gx:coord>
          <gx:coord>99.9169304 27.6965523 4121.54</gx:coord>
          <gx:coord>99.9169697 27.6964687 4122.3</gx:coord>
          <gx:coord>99.9170091 27.6964158 4122.16</gx:coord>
          <gx:coord>99.9170258 27.6963257 4121.92</gx:coord>
          <gx:coord>99.9170476 27.6962298 4122.48</gx:coord>
          <gx:coord>99.9170629 27.6961258 4122.5</gx:coord>
          <gx:coord>99.9171023 27.6960222 4122.62</gx:coord>
          <gx:coord>99.9171021 27.6959246 4123.15</gx:coord>
          <gx:coord>99.9170569 27.6958339 4124.27</gx:coord>
          <gx:coord>99.9170007 27.6957522 4125.56</gx:coord>
          <gx:coord>99.9169622 27.6956604 4126.54</gx:coord>
          <gx:coord>99.9169323 27.6955677 4125.27</gx:coord>
          <gx:coord>99.9169042 27.6954762 4123.77</gx:coord>
          <gx:coord>99.9168911 27.6953857 4122.37</gx:coord>
          <gx:coord>99.9168756 27.6952939 4121.04</gx:coord>
          <gx:coord>99.9168513 27.6952056 4120.12</gx:coord>
          <gx:coord>99.9168028 27.6951223 4120.16</gx:coord>
          <gx:coord>99.9167533 27.6950321 4120.03</gx:coord>
          <gx:coord>99.9167258 27.694934 4120.46</gx:coord>
          <gx:coord>99.9166758 27.6948453 4120.51</gx:coord>
          <gx:coord>99.9166088 27.6947715 4121.57</gx:coord>
          <gx:coord>99.9165213 27.6947113 4122.33</gx:coord>
          <gx:coord>99.9164377 27.6946513 4121.97</gx:coord>
          <gx:coord>99.9163717 27.6945774 4120.92</gx:coord>
          <gx:coord>99.9163248 27.6944874 4119.23</gx:coord>
          <gx:coord>99.9162692 27.6943975 4118.63</gx:coord>
          <gx:coord>99.9162205 27.6943083 4118.24</gx:coord>
          <gx:coord>99.91616 27.6942198 4118.04</gx:coord>
          <gx:coord>99.9161088 27.69412 4117.13</gx:coord>
          <gx:coord>99.9160819 27.694025 4117.08</gx:coord>
          <gx:coord>99.9160432 27.6939401 4115.93</gx:coord>
          <gx:coord>99.9159838 27.6938584 4113.79</gx:coord>
          <gx:coord>99.9159161 27.6937862 4112.07</gx:coord>
          <gx:coord>99.9158987 27.6936982 4111.05</gx:coord>
          <gx:coord>99.9158938 27.6936043 4111.46</gx:coord>
          <gx:coord>99.9158828 27.6935073 4111.46</gx:coord>
          <gx:coord>99.9158641 27.6934098 4111.33</gx:coord>
          <gx:coord>99.9158337 27.6933202 4111.85</gx:coord>
          <gx:coord>99.9157712 27.6932391 4111.88</gx:coord>
          <gx:coord>99.9156941 27.6931631 4111.42</gx:coord>
          <gx:coord>99.915642 27.6930728 4110.19</gx:coord>
          <gx:coord>99.9156211 27.6929739 4108.65</gx:coord>
          <gx:coord>99.9155827 27.692876 4107.85</gx:coord>
          <gx:coord>99.9155438 27.6927814 4105.96</gx:coord>
          <gx:coord>99.9155227 27.6926827 4105.7</gx:coord>
          <gx:coord>99.9154874 27.6925888 4105.38</gx:coord>
          <gx:coord>99.9154716 27.6924944 4104.62</gx:coord>
          <gx:coord>99.9154646 27.6924012 4103.36</gx:coord>
          <gx:coord>99.9154361 27.6923108 4102.02</gx:coord>
          <gx:coord>99.9153854 27.6922239 4100.07</gx:coord>
          <gx:coord>99.915315 27.6921448 4098.22</gx:coord>
          <gx:coord>99.9152418 27.6920734 4096.28</gx:coord>
          <gx:coord>99.9151443 27.6920454 4093.46</gx:coord>
          <gx:coord>99.9150357 27.6920378 4091.07</gx:coord>
          <gx:coord>99.9149567 27.6919879 4089.6</gx:coord>
          <gx:coord>99.9148792 27.6919232 4088.93</gx:coord>
          <gx:coord>99.914831 27.6918766 4088.89</gx:coord>
          <gx:coord>99.9147803 27.6918043 4088.93</gx:coord>
          <gx:coord>99.9146931 27.6917615 4088.59</gx:coord>
          <gx:coord>99.9145941 27.6916994 4088.55</gx:coord>
          <gx:coord>99.9144883 27.6916634 4090.52</gx:coord>
          <gx:coord>99.9143954 27.691617 4089.06</gx:coord>
          <gx:coord>99.9143157 27.6915599 4088.13</gx:coord>
          <gx:coord>99.9142638 27.6914783 4088.12</gx:coord>
          <gx:coord>99.9142241 27.6913841 4087.45</gx:coord>
          <gx:coord>99.9141473 27.6913192 4087.84</gx:coord>
          <gx:coord>99.9140461 27.6913013 4087.93</gx:coord>
          <gx:coord>99.9139476 27.691274 4088.15</gx:coord>
          <gx:coord>99.9139109 27.6912016 4089.92</gx:coord>
          <gx:coord>99.9138685 27.6911214 4091.38</gx:coord>
          <gx:coord>99.9138055 27.6910479 4094.2</gx:coord>
          <gx:coord>99.9137329 27.6909766 4099.06</gx:coord>
          <gx:coord>99.9136423 27.6909171 4104.47</gx:coord>
          <gx:coord>99.9135823 27.690829 4106.75</gx:coord>
          <gx:coord>99.9135584 27.6907309 4107.79</gx:coord>
          <gx:coord>99.9135306 27.6906329 4107.77</gx:coord>
          <gx:coord>99.9134929 27.6905333 4108.76</gx:coord>
          <gx:coord>99.9135023 27.6904359 4109.57</gx:coord>
          <gx:coord>99.9134778 27.6903386 4108.05</gx:coord>
          <gx:coord>99.9134535 27.6902473 4109.21</gx:coord>
          <gx:coord>99.9134453 27.6901548 4110.55</gx:coord>
          <gx:coord>99.9134251 27.6900494 4111.47</gx:coord>
          <gx:coord>99.9133728 27.6899565 4112.76</gx:coord>
          <gx:coord>99.9132928 27.6898883 4113.98</gx:coord>
          <gx:coord>99.9132441 27.6898742 4114.43</gx:coord>
          <gx:coord>99.9131678 27.6898379 4112.62</gx:coord>
          <gx:coord>99.9130699 27.6898151 4112.29</gx:coord>
          <gx:coord>99.912966 27.6897809 4110.36</gx:coord>
          <gx:coord>99.9128717 27.6897128 4109.76</gx:coord>
          <gx:coord>99.9127944 27.6896321 4110.51</gx:coord>
          <gx:coord>99.9127581 27.6895329 4110.92</gx:coord>
          <gx:coord>99.9127925 27.6894375 4110.71</gx:coord>
          <gx:coord>99.9128662 27.6893596 4109.39</gx:coord>
          <gx:coord>99.9129066 27.6892742 4109.07</gx:coord>
          <gx:coord>99.9129049 27.6891801 4110.23</gx:coord>
          <gx:coord>99.9128869 27.6890887 4113.35</gx:coord>
          <gx:coord>99.9129123 27.6889964 4115.8</gx:coord>
          <gx:coord>99.9128958 27.688906 4119.49</gx:coord>
          <gx:coord>99.912867 27.6888107 4121.87</gx:coord>
          <gx:coord>99.9128703 27.6887104 4124.7</gx:coord>
          <gx:coord>99.9128706 27.6886114 4125.07</gx:coord>
          <gx:coord>99.9128802 27.6885175 4126.3</gx:coord>
          <gx:coord>99.912843 27.6884244 4128.43</gx:coord>
          <gx:coord>99.9128286 27.6883211 4130.36</gx:coord>
          <gx:coord>99.9128074 27.6882289 4129.76</gx:coord>
          <gx:coord>99.9127669 27.6881437 4129.91</gx:coord>
          <gx:coord>99.9127277 27.6880537 4129.59</gx:coord>
          <gx:coord>99.9126949 27.6879596 4132.33</gx:coord>
          <gx:coord>99.9126395 27.6878818 4131.85</gx:coord>
          <gx:coord>99.912604 27.6877852 4133.36</gx:coord>
          <gx:coord>99.9125893 27.687691 4135.79</gx:coord>
          <gx:coord>99.9125779 27.6875912 4137.75</gx:coord>
          <gx:coord>99.91254 27.6874929 4140.32</gx:coord>
          <gx:coord>99.9125219 27.6873964 4142.95</gx:coord>
          <gx:coord>99.9125069 27.687295 4144.92</gx:coord>
          <gx:coord>99.9125 27.6872468 4146.84</gx:coord>
          <gx:coord>99.9124962 27.6871714 4148.32</gx:coord>
          <gx:coord>99.9125108 27.6870856 4149.2</gx:coord>
          <gx:coord>99.9125073 27.6869924 4150.64</gx:coord>
          <gx:coord>99.912501 27.6868976 4152.65</gx:coord>
          <gx:coord>99.9124717 27.6868073 4153.13</gx:coord>
          <gx:coord>99.9124401 27.6867307 4153.09</gx:coord>
          <gx:coord>99.9124302 27.6866307 4153.23</gx:coord>
          <gx:coord>99.9123878 27.6865711 4154.06</gx:coord>
          <gx:coord>99.9123126 27.6865067 4153.27</gx:coord>
          <gx:coord>99.91228 27.6864958 4153.26</gx:coord>
          <gx:coord>99.9122107 27.686458 4153.0</gx:coord>
          <gx:coord>99.9121251 27.6863979 4153.24</gx:coord>
          <gx:coord>99.912047 27.6863252 4154.33</gx:coord>
          <gx:coord>99.9119819 27.6862488 4155.64</gx:coord>
          <gx:coord>99.9119249 27.6861665 4156.53</gx:coord>
          <gx:coord>99.9118712 27.6860704 4157.06</gx:coord>
          <gx:coord>99.9118164 27.685976 4157.8</gx:coord>
          <gx:coord>99.9117767 27.6858742 4158.59</gx:coord>
          <gx:coord>99.9117156 27.6857973 4158.42</gx:coord>
          <gx:coord>99.9116331 27.6857445 4158.72</gx:coord>
          <gx:coord>99.9115225 27.6857111 4158.72</gx:coord>
          <gx:coord>99.9114646 27.6856364 4158.7</gx:coord>
          <gx:coord>99.9113894 27.6855658 4158.65</gx:coord>
          <gx:coord>99.9112889 27.6855153 4159.51</gx:coord>
          <gx:coord>99.9111823 27.6854763 4160.44</gx:coord>
          <gx:coord>99.9110797 27.6854479 4160.52</gx:coord>
          <gx:coord>99.9109866 27.6854822 4160.65</gx:coord>
          <gx:coord>99.9108864 27.6855063 4159.88</gx:coord>
          <gx:coord>99.9107846 27.6855331 4160.33</gx:coord>
          <gx:coord>99.9106929 27.6854999 4161.02</gx:coord>
          <gx:coord>99.9105967 27.6854645 4161.66</gx:coord>
          <gx:coord>99.9104972 27.6854314 4161.94</gx:coord>
          <gx:coord>99.9103945 27.68539 4164.3</gx:coord>
          <gx:coord>99.9102852 27.6853821 4167.39</gx:coord>
          <gx:coord>99.9101856 27.6853446 4169.68</gx:coord>
          <gx:coord>99.910086 27.6852925 4171.13</gx:coord>
          <gx:coord>99.9100381 27.6852039 4172.51</gx:coord>
          <gx:coord>99.9099773 27.6851198 4173.6</gx:coord>
          <gx:coord>99.9099232 27.6850345 4174.66</gx:coord>
          <gx:coord>99.90986 27.6849606 4176.19</gx:coord>
          <gx:coord>99.9098109 27.6848713 4177.43</gx:coord>
          <gx:coord>99.9097412 27.6847929 4179.37</gx:coord>
          <gx:coord>99.9096913 27.6847005 4181.66</gx:coord>
          <gx:coord>99.9096544 27.684604 4184.22</gx:coord>
          <gx:coord>99.9096277 27.6845065 4185.88</gx:coord>
          <gx:coord>99.9095711 27.6844323 4187.7</gx:coord>
          <gx:coord>99.9094804 27.6843853 4190.21</gx:coord>
          <gx:coord>99.9093877 27.6843391 4192.54</gx:coord>
          <gx:coord>99.9092817 27.6843207 4194.74</gx:coord>
          <gx:coord>99.9091753 27.6843228 4196.65</gx:coord>
          <gx:coord>99.909098 27.6842692 4199.16</gx:coord>
          <gx:coord>99.9090664 27.6841808 4201.05</gx:coord>
          <gx:coord>99.9090333 27.6840834 4201.98</gx:coord>
          <gx:coord>99.9089843 27.6839937 4202.52</gx:coord>
          <gx:coord>99.9089286 27.6839415 4202.92</gx:coord>
          <gx:coord>99.9088506 27.6838906 4203.14</gx:coord>
          <gx:coord>99.9087484 27.6838579 4203.19</gx:coord>
          <gx:coord>99.9086635 27.6838026 4203.83</gx:coord>
          <gx:coord>99.9086277 27.6837144 4204.01</gx:coord>
          <gx:coord>99.9086036 27.6836165 4203.67</gx:coord>
          <gx:coord>99.9085269 27.6835626 4203.14</gx:coord>
          <gx:coord>99.9085606 27.6834778 4203.8</gx:coord>
          <gx:coord>99.9085395 27.68339 4203.66</gx:coord>
          <gx:coord>99.9085105 27.6832949 4203.25</gx:coord>
          <gx:coord>99.9084899 27.6831999 4203.78</gx:coord>
          <gx:coord>99.9084649 27.6831365 4204.28</gx:coord>
          <gx:coord>99.9084277 27.6830527 4204.43</gx:coord>
          <gx:coord>99.9083739 27.6829649 4204.7</gx:coord>
          <gx:coord>99.9083281 27.6828777 4204.62</gx:coord>
          <gx:coord>99.9082996 27.6828155 4205.11</gx:coord>
          <gx:coord>99.9082319 27.6827571 4205.3</gx:coord>
          <gx:coord>99.9081392 27.682708 4206.2</gx:coord>
          <gx:coord>99.9080381 27.6826439 4207.8</gx:coord>
          <gx:coord>99.9079761 27.6825608 4209.12</gx:coord>
          <gx:coord>99.9078837 27.6825089 4210.5</gx:coord>
          <gx:coord>99.9077868 27.6824701 4212.04</gx:coord>
          <gx:coord>99.9076865 27.6824372 4214.11</gx:coord>
          <gx:coord>99.9075787 27.6824185 4216.68</gx:coord>
          <gx:coord>99.9075098 27.6823457 4219.49</gx:coord>
          <gx:coord>99.9074411 27.6822712 4223.75</gx:coord>
          <gx:coord>99.9073749 27.6821871 4227.23</gx:coord>
          <gx:coord>99.9072988 27.6821215 4228.98</gx:coord>
          <gx:coord>99.9072515 27.6820415 4231.03</gx:coord>
          <gx:coord>99.9071902 27.681962 4232.95</gx:coord>
          <gx:coord>99.9071122 27.6818995 4233.8</gx:coord>
          <gx:coord>99.9070476 27.6818171 4233.48</gx:coord>
          <gx:coord>99.9070106 27.6817287 4233.23</gx:coord>
          <gx:coord>99.9069265 27.6817104 4232.45</gx:coord>
          <gx:coord>99.906871 27.6816416 4234.04</gx:coord>
          <gx:coord>99.9068552 27.6815453 4232.8</gx:coord>
          <gx:coord>99.9068467 27.681499 4230.27</gx:coord>
          <gx:coord>99.9068471 27.681416 4228.94</gx:coord>
          <gx:coord>99.90688 27.681323 4227.61</gx:coord>
          <gx:coord>99.9069499 27.6812474 4226.78</gx:coord>
          <gx:coord>99.9070273 27.6811661 4226.43</gx:coord>
          <gx:coord>99.907107 27.6810889 4226.54</gx:coord>
          <gx:coord>99.907106 27.6810006 4227.36</gx:coord>
          <gx:coord>99.9070738 27.6808745 4229.63</gx:coord>
          <gx:coord>99.9070971 27.6807827 4235.33</gx:coord>
          <gx:coord>99.9071314 27.6806905 4239.98</gx:coord>
          <gx:coord>99.9071855 27.6806099 4244.17</gx:coord>
          <gx:coord>99.9072286 27.680525 4247.51</gx:coord>
          <gx:coord>99.9072563 27.6804292 4250.33</gx:coord>
          <gx:coord>99.9072903 27.6803393 4252.38</gx:coord>
          <gx:coord>99.907355 27.6802635 4251.92</gx:coord>
          <gx:coord>99.9074048 27.6801835 4249.65</gx:coord>
          <gx:coord>99.9074787 27.6801127 4248.32</gx:coord>
          <gx:coord>99.9075453 27.6800378 4247.7</gx:coord>
          <gx:coord>99.9076102 27.6799665 4247.68</gx:coord>
          <gx:coord>99.907667 27.6798879 4247.39</gx:coord>
          <gx:coord>99.9077306 27.6798146 4250.47</gx:coord>
          <gx:coord>99.9077737 27.679727 4253.48</gx:coord>
          <gx:coord>99.9078206 27.6796436 4257.95</gx:coord>
          <gx:coord>99.9078937 27.6795807 4262.64</gx:coord>
          <gx:coord>99.9079796 27.6795313 4261.77</gx:coord>
          <gx:coord>99.9080434 27.6794582 4260.39</gx:coord>
          <gx:coord>99.9080775 27.6793704 4260.57</gx:coord>
          <gx:coord>99.9081299 27.6792845 4260.48</gx:coord>
          <gx:coord>99.9081892 27.6791992 4259.99</gx:coord>
          <gx:coord>99.9082488 27.6791162 4259.66</gx:coord>
          <gx:coord>99.908323 27.6790488 4261.08</gx:coord>
          <gx:coord>99.9083984 27.6789828 4262.98</gx:coord>
          <gx:coord>99.908483 27.67893 4263.66</gx:coord>
          <gx:coord>99.9085538 27.6788635 4265.21</gx:coord>
          <gx:coord>99.9086113 27.678785 4268.43</gx:coord>
          <gx:coord>99.9086421 27.6786931 4271.51</gx:coord>
          <gx:coord>99.9086796 27.6786007 4276.71</gx:coord>
          <gx:coord>99.9087549 27.6785312 4280.91</gx:coord>
          <gx:coord>99.9088414 27.6784727 4281.84</gx:coord>
          <gx:coord>99.9089485 27.6784355 4280.81</gx:coord>
          <gx:coord>99.9090559 27.6783944 4280.16</gx:coord>
          <gx:coord>99.90914 27.6783295 4279.85</gx:coord>
          <gx:coord>99.9092208 27.6782592 4282.16</gx:coord>
          <gx:coord>99.9093045 27.6782044 4283.61</gx:coord>
          <gx:coord>99.9093887 27.6781532 4284.33</gx:coord>
          <gx:coord>99.9093943 27.6780722 4283.48</gx:coord>
          <gx:coord>99.9093772 27.6779777 4285.96</gx:coord>
          <gx:coord>99.9094019 27.677885 4290.56</gx:coord>
          <gx:coord>99.9094284 27.6777904 4293.67</gx:coord>
          <gx:coord>99.9094943 27.6777052 4295.93</gx:coord>
          <gx:coord>99.9095521 27.6776272 4297.43</gx:coord>
          <gx:coord>99.9096039 27.6775487 4299.07</gx:coord>
          <gx:coord>99.9096602 27.6774654 4301.47</gx:coord>
          <gx:coord>99.9097105 27.6773733 4303.78</gx:coord>
          <gx:coord>99.9097864 27.6773123 4304.86</gx:coord>
          <gx:coord>99.9098933 27.6772922 4306.64</gx:coord>
          <gx:coord>99.9099367 27.6772096 4309.76</gx:coord>
          <gx:coord>99.909995 27.677126 4312.54</gx:coord>
          <gx:coord>99.9100268 27.6770332 4313.48</gx:coord>
          <gx:coord>99.9100332 27.6769389 4314.51</gx:coord>
          <gx:coord>99.9100588 27.6768433 4315.81</gx:coord>
          <gx:coord>99.9100639 27.6767464 4317.26</gx:coord>
          <gx:coord>99.9100454 27.676653 4318.51</gx:coord>
          <gx:coord>99.9100374 27.6765574 4319.76</gx:coord>
          <gx:coord>99.9100326 27.6764648 4321.65</gx:coord>
          <gx:coord>99.9100282 27.6763736 4324.05</gx:coord>
          <gx:coord>99.9100394 27.6762808 4326.75</gx:coord>
          <gx:coord>99.9100322 27.6761892 4328.96</gx:coord>
          <gx:coord>99.9100442 27.6760985 4330.54</gx:coord>
          <gx:coord>99.9099883 27.6760332 4332.19</gx:coord>
          <gx:coord>99.9099117 27.6759659 4333.38</gx:coord>
          <gx:coord>99.9098313 27.6758897 4333.71</gx:coord>
          <gx:coord>99.9097515 27.6758069 4334.03</gx:coord>
          <gx:coord>99.9096798 27.6757212 4334.14</gx:coord>
          <gx:coord>99.9096162 27.6756415 4334.2</gx:coord>
          <gx:coord>99.909565 27.6755521 4334.54</gx:coord>
          <gx:coord>99.9095222 27.6755044 4335.14</gx:coord>
          <gx:coord>99.9094782 27.6754299 4335.36</gx:coord>
          <gx:coord>99.909408 27.675368 4337.28</gx:coord>
          <gx:coord>99.9093186 27.6753131 4339.96</gx:coord>
          <gx:coord>99.9092203 27.6752613 4342.13</gx:coord>
          <gx:coord>99.909118 27.6752286 4344.53</gx:coord>
          <gx:coord>99.9090143 27.6752036 4346.61</gx:coord>
          <gx:coord>99.9089105 27.6751882 4347.98</gx:coord>
          <gx:coord>99.9088151 27.6751577 4348.63</gx:coord>
          <gx:coord>99.9087239 27.6751177 4350.01</gx:coord>
          <gx:coord>99.9086232 27.6750658 4352.74</gx:coord>
          <gx:coord>99.9085185 27.6750345 4354.59</gx:coord>
          <gx:coord>99.9084382 27.6749885 4356.14</gx:coord>
          <gx:coord>99.908416 27.6749035 4354.99</gx:coord>
          <gx:coord>99.9083247 27.6748782 4354.86</gx:coord>
          <gx:coord>99.9082185 27.6748194 4354.33</gx:coord>
          <gx:coord>99.9081401 27.6747379 4352.73</gx:coord>
          <gx:coord>99.9081075 27.6746468 4350.4</gx:coord>
          <gx:coord>99.9081043 27.6746022 4349.38</gx:coord>
          <gx:coord>99.9080254 27.6745768 4349.54</gx:coord>
          <gx:coord>99.9079205 27.674533 4349.31</gx:coord>
          <gx:coord>99.9078465 27.6744616 4347.77</gx:coord>
          <gx:coord>99.9077784 27.674405 4346.12</gx:coord>
          <gx:coord>99.9076861 27.6743569 4343.26</gx:coord>
          <gx:coord>99.9075947 27.6743046 4342.04</gx:coord>
          <gx:coord>99.9075118 27.6742349 4341.61</gx:coord>
          <gx:coord>99.9074322 27.6741568 4340.09</gx:coord>
          <gx:coord>99.9073533 27.674089 4339.89</gx:coord>
          <gx:coord>99.907288 27.6740181 4340.23</gx:coord>
          <gx:coord>99.9072549 27.6739272 4341.3</gx:coord>
          <gx:coord>99.9073221 27.6738634 4342.09</gx:coord>
          <gx:coord>99.9072839 27.6739316 4342.45</gx:coord>
          <gx:coord>99.9072627 27.6738361 4342.49</gx:coord>
          <gx:coord>99.9072519 27.673927 4345.02</gx:coord>
          <gx:coord>99.9073055 27.6740177 4345.36</gx:coord>
          <gx:coord>99.9073775 27.6740937 4344.51</gx:coord>
          <gx:coord>99.9074553 27.6741707 4343.42</gx:coord>
          <gx:coord>99.9075282 27.6742502 4342.42</gx:coord>
          <gx:coord>99.9076016 27.6743196 4341.38</gx:coord>
          <gx:coord>99.907689 27.6743766 4341.12</gx:coord>
          <gx:coord>99.9077883 27.6744242 4341.43</gx:coord>
          <gx:coord>99.907872 27.6744898 4341.83</gx:coord>
          <gx:coord>99.9079509 27.6745626 4343.7</gx:coord>
          <gx:coord>99.9080412 27.6746198 4345.94</gx:coord>
          <gx:coord>99.908115 27.6746947 4349.05</gx:coord>
          <gx:coord>99.9081706 27.6747808 4351.1</gx:coord>
          <gx:coord>99.9082308 27.6748614 4352.22</gx:coord>
          <gx:coord>99.9083314 27.6749007 4353.15</gx:coord>
          <gx:coord>99.9084339 27.6749326 4353.92</gx:coord>
          <gx:coord>99.9085014 27.6749952 4353.71</gx:coord>
          <gx:coord>99.9085358 27.6750793 4352.3</gx:coord>
          <gx:coord>99.9085444 27.6751361 4350.58</gx:coord>
          <gx:coord>99.9086201 27.6751562 4349.39</gx:coord>
          <gx:coord>99.9087264 27.6751712 4348.65</gx:coord>
          <gx:coord>99.9088386 27.6751903 4347.05</gx:coord>
          <gx:coord>99.9089431 27.6752168 4345.85</gx:coord>
          <gx:coord>99.9090483 27.6752145 4344.48</gx:coord>
          <gx:coord>99.9091465 27.6752376 4344.63</gx:coord>
          <gx:coord>99.9092412 27.6752724 4343.89</gx:coord>
          <gx:coord>99.9093346 27.6753101 4342.73</gx:coord>
          <gx:coord>99.9094216 27.6753717 4341.55</gx:coord>
          <gx:coord>99.9095093 27.6754354 4338.87</gx:coord>
          <gx:coord>99.9095659 27.6755135 4336.44</gx:coord>
          <gx:coord>99.9095853 27.6756073 4333.31</gx:coord>
          <gx:coord>99.9096254 27.6756743 4331.35</gx:coord>
          <gx:coord>99.9096809 27.6757549 4330.1</gx:coord>
          <gx:coord>99.9097138 27.6758462 4329.3</gx:coord>
          <gx:coord>99.9097268 27.6759426 4328.13</gx:coord>
          <gx:coord>99.9097704 27.676034 4327.07</gx:coord>
          <gx:coord>99.9098481 27.6761106 4326.19</gx:coord>
          <gx:coord>99.9099522 27.676135 4325.58</gx:coord>
          <gx:coord>99.9100386 27.676182 4324.48</gx:coord>
          <gx:coord>99.9100851 27.6762589 4324.1</gx:coord>
          <gx:coord>99.9100998 27.6763513 4323.59</gx:coord>
          <gx:coord>99.9101052 27.6764519 4323.12</gx:coord>
          <gx:coord>99.9100895 27.6765439 4321.64</gx:coord>
          <gx:coord>99.9100522 27.67664 4320.36</gx:coord>
          <gx:coord>99.9100799 27.6767267 4320.35</gx:coord>
          <gx:coord>99.9101017 27.6768218 4320.05</gx:coord>
          <gx:coord>99.9100903 27.6769149 4318.02</gx:coord>
          <gx:coord>99.9100578 27.6770036 4316.18</gx:coord>
          <gx:coord>99.9100131 27.6771033 4314.47</gx:coord>
          <gx:coord>99.9099655 27.6772023 4313.3</gx:coord>
          <gx:coord>99.9099131 27.6772996 4312.07</gx:coord>
          <gx:coord>99.909831 27.6773847 4311.1</gx:coord>
          <gx:coord>99.909733 27.6774434 4310.26</gx:coord>
          <gx:coord>99.9096952 27.6775273 4309.49</gx:coord>
          <gx:coord>99.9096618 27.6776168 4307.63</gx:coord>
          <gx:coord>99.9096029 27.6776935 4305.59</gx:coord>
          <gx:coord>99.9095294 27.6777693 4305.8</gx:coord>
          <gx:coord>99.9094462 27.6778323 4304.47</gx:coord>
          <gx:coord>99.9093969 27.6779214 4301.49</gx:coord>
          <gx:coord>99.9093983 27.6780133 4297.88</gx:coord>
          <gx:coord>99.9094365 27.678102 4294.51</gx:coord>
          <gx:coord>99.909438 27.6781963 4291.17</gx:coord>
          <gx:coord>99.9093942 27.678228 4289.09</gx:coord>
          <gx:coord>99.9092988 27.6782752 4287.86</gx:coord>
          <gx:coord>99.9091962 27.678341 4286.98</gx:coord>
          <gx:coord>99.9090948 27.6783906 4285.87</gx:coord>
          <gx:coord>99.9090053 27.6784486 4284.75</gx:coord>
          <gx:coord>99.9089148 27.6785067 4283.65</gx:coord>
          <gx:coord>99.9088218 27.6785672 4282.75</gx:coord>
          <gx:coord>99.9087265 27.6786144 4281.43</gx:coord>
          <gx:coord>99.9086704 27.6786921 4279.9</gx:coord>
          <gx:coord>99.9086491 27.6787887 4276.43</gx:coord>
          <gx:coord>99.9086066 27.6788797 4273.27</gx:coord>
          <gx:coord>99.9085305 27.6789417 4271.33</gx:coord>
          <gx:coord>99.9084473 27.6790082 4269.2</gx:coord>
          <gx:coord>99.9083685 27.6790777 4267.26</gx:coord>
          <gx:coord>99.9082978 27.6791554 4265.31</gx:coord>
          <gx:coord>99.9082243 27.6792218 4263.31</gx:coord>
          <gx:coord>99.9081831 27.6793046 4260.52</gx:coord>
          <gx:coord>99.9081235 27.6793818 4258.63</gx:coord>
          <gx:coord>99.908056 27.6794527 4257.1</gx:coord>
          <gx:coord>99.9079759 27.6795106 4256.26</gx:coord>
          <gx:coord>99.9079484 27.6795999 4257.3</gx:coord>
          <gx:coord>99.9079127 27.6796863 4254.45</gx:coord>
          <gx:coord>99.9078927 27.6797793 4252.97</gx:coord>
          <gx:coord>99.9078672 27.6798685 4251.55</gx:coord>
          <gx:coord>99.9077967 27.6799347 4248.77</gx:coord>
          <gx:coord>99.907688 27.6799629 4248.02</gx:coord>
          <gx:coord>99.9076252 27.6800012 4247.22</gx:coord>
          <gx:coord>99.9075508 27.6800616 4246.75</gx:coord>
          <gx:coord>99.9075053 27.6801502 4246.58</gx:coord>
          <gx:coord>99.9074434 27.6802345 4245.93</gx:coord>
          <gx:coord>99.9073748 27.6803145 4245.92</gx:coord>
          <gx:coord>99.9073226 27.6803983 4246.34</gx:coord>
          <gx:coord>99.9073382 27.6804892 4245.57</gx:coord>
          <gx:coord>99.9073334 27.6805885 4242.76</gx:coord>
          <gx:coord>99.9072849 27.680674 4240.07</gx:coord>
          <gx:coord>99.9072163 27.6807486 4238.39</gx:coord>
          <gx:coord>99.9071611 27.6808365 4237.89</gx:coord>
          <gx:coord>99.9071403 27.6809366 4236.9</gx:coord>
          <gx:coord>99.9071533 27.6810437 4235.1</gx:coord>
          <gx:coord>99.9071697 27.6811527 4233.4</gx:coord>
          <gx:coord>99.9071708 27.6811831 4231.49</gx:coord>
          <gx:coord>99.9071361 27.681246 4230.41</gx:coord>
          <gx:coord>99.9070682 27.6813179 4229.82</gx:coord>
          <gx:coord>99.9069659 27.6813639 4229.09</gx:coord>
          <gx:coord>99.9069092 27.6814449 4227.11</gx:coord>
          <gx:coord>99.9069073 27.6815401 4224.62</gx:coord>
          <gx:coord>99.9069402 27.6816322 4223.59</gx:coord>
          <gx:coord>99.9069687 27.6817248 4223.59</gx:coord>
          <gx:coord>99.9070343 27.681801 4223.9</gx:coord>
          <gx:coord>99.9071347 27.6818531 4223.45</gx:coord>
          <gx:coord>99.9072308 27.6819145 4222.18</gx:coord>
          <gx:coord>99.9073235 27.6819802 4221.17</gx:coord>
          <gx:coord>99.9073723 27.6820647 4220.82</gx:coord>
          <gx:coord>99.9073847 27.6821539 4220.03</gx:coord>
          <gx:coord>99.9074295 27.6822363 4219.65</gx:coord>
          <gx:coord>99.9074955 27.6823121 4217.12</gx:coord>
          <gx:coord>99.9075814 27.6823763 4214.74</gx:coord>
          <gx:coord>99.9076574 27.6824439 4212.1</gx:coord>
          <gx:coord>99.9077467 27.6824985 4209.52</gx:coord>
          <gx:coord>99.9078556 27.6825234 4205.44</gx:coord>
          <gx:coord>99.9079567 27.6825525 4201.89</gx:coord>
          <gx:coord>99.9080312 27.682619 4198.17</gx:coord>
          <gx:coord>99.9081005 27.682694 4195.64</gx:coord>
          <gx:coord>99.9081831 27.6827553 4193.89</gx:coord>
          <gx:coord>99.9082679 27.68281 4191.37</gx:coord>
          <gx:coord>99.9083411 27.6828773 4188.38</gx:coord>
          <gx:coord>99.9083953 27.6829568 4186.69</gx:coord>
          <gx:coord>99.9084471 27.6830376 4186.04</gx:coord>
          <gx:coord>99.9084877 27.6831265 4184.88</gx:coord>
          <gx:coord>99.9085222 27.6832195 4184.78</gx:coord>
          <gx:coord>99.9085514 27.6833098 4184.78</gx:coord>
          <gx:coord>99.9085669 27.6833525 4184.56</gx:coord>
          <gx:coord>99.9085882 27.6834242 4184.63</gx:coord>
          <gx:coord>99.9086018 27.6834785 4185.39</gx:coord>
          <gx:coord>99.908652 27.6835457 4184.92</gx:coord>
          <gx:coord>99.9087054 27.6836248 4184.18</gx:coord>
          <gx:coord>99.9087347 27.6837222 4184.24</gx:coord>
          <gx:coord>99.9087173 27.683815 4184.68</gx:coord>
          <gx:coord>99.908757 27.6838926 4185.17</gx:coord>
          <gx:coord>99.9088408 27.6839506 4184.67</gx:coord>
          <gx:coord>99.9089518 27.6839841 4184.51</gx:coord>
          <gx:coord>99.9090479 27.6840312 4183.23</gx:coord>
          <gx:coord>99.9091162 27.6841123 4182.57</gx:coord>
          <gx:coord>99.9091553 27.6842098 4182.52</gx:coord>
          <gx:coord>99.9091876 27.6843053 4182.8</gx:coord>
          <gx:coord>99.9092311 27.6843992 4183.21</gx:coord>
          <gx:coord>99.9093241 27.6844161 4182.22</gx:coord>
          <gx:coord>99.9094287 27.6844196 4180.12</gx:coord>
          <gx:coord>99.9095278 27.6844549 4178.85</gx:coord>
          <gx:coord>99.9096319 27.6844632 4178.02</gx:coord>
          <gx:coord>99.9097088 27.6845159 4176.33</gx:coord>
          <gx:coord>99.9097399 27.6845529 4174.29</gx:coord>
          <gx:coord>99.9097462 27.684633 4173.3</gx:coord>
          <gx:coord>99.9097778 27.6847274 4173.63</gx:coord>
          <gx:coord>99.9098295 27.6848203 4172.08</gx:coord>
          <gx:coord>99.9098723 27.684913 4170.33</gx:coord>
          <gx:coord>99.9099184 27.6850046 4168.47</gx:coord>
          <gx:coord>99.9099473 27.6850937 4166.95</gx:coord>
          <gx:coord>99.9099779 27.6851009 4165.48</gx:coord>
          <gx:coord>99.9100236 27.6851552 4164.41</gx:coord>
          <gx:coord>99.9100891 27.6852227 4162.31</gx:coord>
          <gx:coord>99.9101418 27.6853052 4159.99</gx:coord>
          <gx:coord>99.9102102 27.685387 4158.35</gx:coord>
          <gx:coord>99.9103045 27.6854408 4157.65</gx:coord>
          <gx:coord>99.910415 27.6854742 4156.89</gx:coord>
          <gx:coord>99.9104831 27.685478 4155.55</gx:coord>
          <gx:coord>99.9105758 27.6854717 4154.01</gx:coord>
          <gx:coord>99.9106173 27.6855011 4154.7</gx:coord>
          <gx:coord>99.9107073 27.6855277 4152.93</gx:coord>
          <gx:coord>99.9108048 27.6855832 4148.96</gx:coord>
          <gx:coord>99.9109143 27.6856117 4146.24</gx:coord>
          <gx:coord>99.9110278 27.6855966 4145.63</gx:coord>
          <gx:coord>99.9111468 27.6855783 4144.84</gx:coord>
          <gx:coord>99.9112547 27.6855541 4143.13</gx:coord>
          <gx:coord>99.9113008 27.6855614 4141.49</gx:coord>
          <gx:coord>99.911391 27.6855804 4140.86</gx:coord>
          <gx:coord>99.9114915 27.6856336 4140.26</gx:coord>
          <gx:coord>99.9115798 27.6857159 4139.75</gx:coord>
          <gx:coord>99.9116442 27.6857985 4139.14</gx:coord>
          <gx:coord>99.9116288 27.6858138 4139.55</gx:coord>
          <gx:coord>99.9117009 27.6858338 4139.28</gx:coord>
          <gx:coord>99.9117963 27.6858637 4139.44</gx:coord>
          <gx:coord>99.9118669 27.6859381 4139.52</gx:coord>
          <gx:coord>99.9119216 27.6860219 4140.07</gx:coord>
          <gx:coord>99.9119741 27.6861122 4140.4</gx:coord>
          <gx:coord>99.9120195 27.6862121 4139.81</gx:coord>
          <gx:coord>99.912063 27.6863056 4139.55</gx:coord>
          <gx:coord>99.9121245 27.6863901 4139.16</gx:coord>
          <gx:coord>99.9122031 27.686466 4138.54</gx:coord>
          <gx:coord>99.9122754 27.686551 4137.52</gx:coord>
          <gx:coord>99.9123789 27.6865977 4137.0</gx:coord>
          <gx:coord>99.9124749 27.6866623 4136.69</gx:coord>
          <gx:coord>99.9125099 27.6867556 4136.85</gx:coord>
          <gx:coord>99.9125241 27.6868565 4137.72</gx:coord>
          <gx:coord>99.9125603 27.6869444 4138.77</gx:coord>
          <gx:coord>99.9125555 27.6870344 4138.81</gx:coord>
          <gx:coord>99.9125789 27.6871252 4139.43</gx:coord>
          <gx:coord>99.9125894 27.6871642 4139.01</gx:coord>
          <gx:coord>99.9125767 27.6872364 4139.08</gx:coord>
          <gx:coord>99.9125771 27.6873249 4140.54</gx:coord>
          <gx:coord>99.9126034 27.6874202 4139.45</gx:coord>
          <gx:coord>99.9126241 27.6875274 4138.04</gx:coord>
          <gx:coord>99.9126566 27.6876377 4138.88</gx:coord>
          <gx:coord>99.9126736 27.6877008 4137.08</gx:coord>
          <gx:coord>99.91265 27.6877792 4136.12</gx:coord>
          <gx:coord>99.9126617 27.6878633 4137.37</gx:coord>
          <gx:coord>99.9126911 27.6879192 4134.23</gx:coord>
          <gx:coord>99.912701 27.6880052 4131.53</gx:coord>
          <gx:coord>99.9127448 27.6881019 4130.68</gx:coord>
          <gx:coord>99.9127945 27.6881992 4129.72</gx:coord>
          <gx:coord>99.9128223 27.6882994 4128.05</gx:coord>
          <gx:coord>99.9128358 27.688343 4127.13</gx:coord>
          <gx:coord>99.9128834 27.6884085 4126.79</gx:coord>
          <gx:coord>99.9128987 27.6884946 4125.29</gx:coord>
          <gx:coord>99.9129091 27.6885875 4123.08</gx:coord>
          <gx:coord>99.9128708 27.688688 4123.53</gx:coord>
          <gx:coord>99.9128549 27.6887893 4125.59</gx:coord>
          <gx:coord>99.9128596 27.6888834 4124.83</gx:coord>
          <gx:coord>99.9128662 27.6889812 4124.34</gx:coord>
          <gx:coord>99.9128627 27.6890471 4124.23</gx:coord>
          <gx:coord>99.9128654 27.6891407 4123.12</gx:coord>
          <gx:coord>99.9128341 27.6892366 4122.93</gx:coord>
          <gx:coord>99.9128396 27.6892961 4121.64</gx:coord>
          <gx:coord>99.9128912 27.6893623 4119.73</gx:coord>
          <gx:coord>99.9128663 27.6894472 4116.75</gx:coord>
          <gx:coord>99.9128591 27.6895468 4112.92</gx:coord>
          <gx:coord>99.9128862 27.6896399 4107.17</gx:coord>
          <gx:coord>99.9128895 27.6897312 4102.03</gx:coord>
          <gx:coord>99.9129634 27.6898062 4101.66</gx:coord>
          <gx:coord>99.9130666 27.6898672 4097.47</gx:coord>
          <gx:coord>99.9131604 27.6899228 4095.3</gx:coord>
          <gx:coord>99.9132499 27.6899785 4094.77</gx:coord>
          <gx:coord>99.9133466 27.6900141 4094.57</gx:coord>
          <gx:coord>99.913441 27.6900551 4095.38</gx:coord>
          <gx:coord>99.9135077 27.6901256 4098.34</gx:coord>
          <gx:coord>99.9135149 27.6902182 4101.97</gx:coord>
          <gx:coord>99.9134752 27.6903215 4104.51</gx:coord>
          <gx:coord>99.9134878 27.6904149 4107.29</gx:coord>
          <gx:coord>99.9135343 27.6904964 4107.76</gx:coord>
          <gx:coord>99.9135918 27.6905778 4103.71</gx:coord>
          <gx:coord>99.913612 27.6906652 4098.86</gx:coord>
          <gx:coord>99.9136443 27.6907501 4095.28</gx:coord>
          <gx:coord>99.9136555 27.6908404 4091.81</gx:coord>
          <gx:coord>99.9136983 27.6909258 4090.34</gx:coord>
          <gx:coord>99.9137562 27.6910128 4087.73</gx:coord>
          <gx:coord>99.9138436 27.6910801 4085.61</gx:coord>
          <gx:coord>99.9139314 27.6911463 4084.47</gx:coord>
          <gx:coord>99.9140202 27.6912025 4082.95</gx:coord>
          <gx:coord>99.9140678 27.6912859 4080.83</gx:coord>
          <gx:coord>99.9140926 27.6913776 4078.97</gx:coord>
          <gx:coord>99.9141778 27.6914192 4077.09</gx:coord>
          <gx:coord>99.9142861 27.6914315 4074.78</gx:coord>
          <gx:coord>99.9143423 27.6914972 4071.72</gx:coord>
          <gx:coord>99.9143809 27.6915815 4072.02</gx:coord>
          <gx:coord>99.9144474 27.691663 4074.41</gx:coord>
          <gx:coord>99.9145352 27.6917354 4075.29</gx:coord>
          <gx:coord>99.9146334 27.6917939 4073.25</gx:coord>
          <gx:coord>99.9147317 27.6918451 4071.23</gx:coord>
          <gx:coord>99.9148182 27.6919016 4070.7</gx:coord>
          <gx:coord>99.9148969 27.6919619 4072.12</gx:coord>
          <gx:coord>99.9149802 27.6920299 4076.75</gx:coord>
          <gx:coord>99.9150836 27.6920728 4080.1</gx:coord>
          <gx:coord>99.9151832 27.6921185 4081.98</gx:coord>
          <gx:coord>99.9152854 27.6921512 4082.99</gx:coord>
          <gx:coord>99.9153449 27.6922189 4083.62</gx:coord>
          <gx:coord>99.9154191 27.6922875 4084.83</gx:coord>
          <gx:coord>99.915475 27.6923772 4085.48</gx:coord>
          <gx:coord>99.9155203 27.692419 4087.75</gx:coord>
          <gx:coord>99.9155217 27.6925051 4090.04</gx:coord>
          <gx:coord>99.9155233 27.6926057 4091.32</gx:coord>
          <gx:coord>99.9155291 27.692708 4093.47</gx:coord>
          <gx:coord>99.9155589 27.6928069 4094.84</gx:coord>
          <gx:coord>99.9155961 27.6928951 4097.27</gx:coord>
          <gx:coord>99.9156415 27.6929765 4099.73</gx:coord>
          <gx:coord>99.9156767 27.6930615 4102.2</gx:coord>
          <gx:coord>99.9156987 27.6931554 4103.95</gx:coord>
          <gx:coord>99.9157375 27.6932428 4106.03</gx:coord>
          <gx:coord>99.9157943 27.6933312 4107.17</gx:coord>
          <gx:coord>99.9158562 27.6934259 4108.53</gx:coord>
          <gx:coord>99.9159212 27.693522 4109.63</gx:coord>
          <gx:coord>99.9159479 27.6936277 4111.19</gx:coord>
          <gx:coord>99.9159844 27.6937303 4111.92</gx:coord>
          <gx:coord>99.9159776 27.6938287 4112.69</gx:coord>
          <gx:coord>99.9160058 27.6939206 4113.2</gx:coord>
          <gx:coord>99.9160647 27.6940094 4114.18</gx:coord>
          <gx:coord>99.9160964 27.6941078 4115.66</gx:coord>
          <gx:coord>99.9161438 27.6941988 4116.6</gx:coord>
          <gx:coord>99.9162018 27.694276 4115.42</gx:coord>
          <gx:coord>99.9162729 27.6943574 4113.0</gx:coord>
          <gx:coord>99.9163458 27.6944432 4112.91</gx:coord>
          <gx:coord>99.9164097 27.6945317 4113.35</gx:coord>
          <gx:coord>99.9164696 27.6946109 4114.88</gx:coord>
          <gx:coord>99.9165151 27.6946954 4115.75</gx:coord>
          <gx:coord>99.916579 27.694769 4117.26</gx:coord>
          <gx:coord>99.9166406 27.6948524 4117.17</gx:coord>
          <gx:coord>99.9166973 27.6949404 4117.43</gx:coord>
          <gx:coord>99.9167663 27.6950234 4118.42</gx:coord>
          <gx:coord>99.9168303 27.695109 4119.05</gx:coord>
          <gx:coord>99.9168888 27.6951961 4118.79</gx:coord>
          <gx:coord>99.9169554 27.695282 4117.35</gx:coord>
          <gx:coord>99.91701 27.6953671 4115.61</gx:coord>
          <gx:coord>99.9170661 27.6954551 4115.4</gx:coord>
          <gx:coord>99.9171554 27.695507 4116.56</gx:coord>
          <gx:coord>99.9172446 27.6955716 4115.79</gx:coord>
          <gx:coord>99.9173048 27.6956546 4116.7</gx:coord>
          <gx:coord>99.9173118 27.6957465 4117.65</gx:coord>
          <gx:coord>99.9173218 27.6958405 4120.2</gx:coord>
          <gx:coord>99.9173612 27.6959237 4118.81</gx:coord>
          <gx:coord>99.91738 27.6960286 4119.53</gx:coord>
          <gx:coord>99.9173755 27.6961287 4118.96</gx:coord>
          <gx:coord>99.917359 27.6962313 4118.88</gx:coord>
          <gx:coord>99.9173311 27.6963327 4119.02</gx:coord>
          <gx:coord>99.9173198 27.6964256 4119.56</gx:coord>
          <gx:coord>99.9173257 27.6965243 4119.34</gx:coord>
          <gx:coord>99.9173346 27.696631 4117.6</gx:coord>
          <gx:coord>99.917353 27.6967294 4116.49</gx:coord>
          <gx:coord>99.9173861 27.6967931 4117.25</gx:coord>
          <gx:coord>99.9174138 27.6968787 4117.01</gx:coord>
          <gx:coord>99.917415 27.6969735 4115.01</gx:coord>
          <gx:coord>99.9173871 27.6970723 4113.12</gx:coord>
          <gx:coord>99.9173477 27.6971683 4112.32</gx:coord>
          <gx:coord>99.9173195 27.6972742 4112.04</gx:coord>
          <gx:coord>99.9173284 27.6973792 4110.22</gx:coord>
          <gx:coord>99.9173657 27.6974774 4108.17</gx:coord>
          <gx:coord>99.9173959 27.6975786 4107.29</gx:coord>
          <gx:coord>99.9174092 27.6976843 4106.66</gx:coord>
          <gx:coord>99.9173947 27.6977793 4105.52</gx:coord>
          <gx:coord>99.9173747 27.697878 4104.41</gx:coord>
          <gx:coord>99.9173804 27.6979731 4102.71</gx:coord>
          <gx:coord>99.9174075 27.6980705 4101.06</gx:coord>
          <gx:coord>99.9174504 27.6981639 4098.94</gx:coord>
          <gx:coord>99.9174661 27.6982551 4096.54</gx:coord>
          <gx:coord>99.9174944 27.6983559 4093.97</gx:coord>
          <gx:coord>99.9175367 27.6984498 4092.01</gx:coord>
          <gx:coord>99.9176172 27.698528 4090.62</gx:coord>
          <gx:coord>99.9177004 27.6986028 4089.45</gx:coord>
          <gx:coord>99.9177896 27.6986776 4087.15</gx:coord>
          <gx:coord>99.9179 27.6987297 4084.29</gx:coord>
          <gx:coord>99.9180041 27.6987827 4081.77</gx:coord>
          <gx:coord>99.9181115 27.6988073 4081.08</gx:coord>
          <gx:coord>99.9182202 27.6988233 4080.75</gx:coord>
          <gx:coord>99.9183403 27.6988327 4080.62</gx:coord>
          <gx:coord>99.9184139 27.6988306 4079.7</gx:coord>
          <gx:coord>99.9184999 27.6988581 4079.74</gx:coord>
          <gx:coord>99.9186063 27.6988971 4079.23</gx:coord>
          <gx:coord>99.9187265 27.6989283 4078.25</gx:coord>
          <gx:coord>99.9188273 27.6989687 4077.85</gx:coord>
          <gx:coord>99.9189386 27.699 4076.93</gx:coord>
          <gx:coord>99.9190532 27.699027 4075.12</gx:coord>
          <gx:coord>99.9191658 27.699061 4072.93</gx:coord>
          <gx:coord>99.9192806 27.6991015 4070.72</gx:coord>
          <gx:coord>99.9193949 27.6991438 4068.94</gx:coord>
          <gx:coord>99.9195088 27.6991868 4067.03</gx:coord>
          <gx:coord>99.9196238 27.6992313 4065.02</gx:coord>
          <gx:coord>99.9197433 27.6992648 4062.94</gx:coord>
          <gx:coord>99.9198508 27.6992969 4061.03</gx:coord>
          <gx:coord>99.9199509 27.6993211 4059.55</gx:coord>
          <gx:coord>99.920049 27.6993649 4058.73</gx:coord>
          <gx:coord>99.9201587 27.6993779 4057.98</gx:coord>
          <gx:coord>99.9202605 27.6993452 4056.63</gx:coord>
          <gx:coord>99.9203424 27.6993911 4055.7</gx:coord>
          <gx:coord>99.9204416 27.6993907 4055.04</gx:coord>
          <gx:coord>99.9205391 27.6993408 4053.82</gx:coord>
          <gx:coord>99.920628 27.6993048 4052.7</gx:coord>
          <gx:coord>99.9207293 27.6992964 4051.58</gx:coord>
          <gx:coord>99.9207383 27.69937 4048.98</gx:coord>
          <gx:coord>99.9208073 27.6993988 4047.23</gx:coord>
          <gx:coord>99.9209012 27.6994247 4045.19</gx:coord>
          <gx:coord>99.9210049 27.6994263 4042.11</gx:coord>
          <gx:coord>99.9210659 27.6993978 4039.52</gx:coord>
          <gx:coord>99.9211569 27.6993663 4037.9</gx:coord>
          <gx:coord>99.921257 27.6993174 4036.07</gx:coord>
          <gx:coord>99.9213756 27.6992922 4033.56</gx:coord>
          <gx:coord>99.9214938 27.6992709 4032.5</gx:coord>
          <gx:coord>99.9216133 27.6992604 4030.07</gx:coord>
          <gx:coord>99.92172 27.6992466 4026.79</gx:coord>
          <gx:coord>99.9218085 27.6992055 4024.53</gx:coord>
          <gx:coord>99.9219099 27.6991791 4021.91</gx:coord>
          <gx:coord>99.9220181 27.6991577 4019.98</gx:coord>
          <gx:coord>99.9220822 27.6991375 4017.98</gx:coord>
          <gx:coord>99.9221821 27.6991299 4016.72</gx:coord>
          <gx:coord>99.9222967 27.6991363 4015.57</gx:coord>
          <gx:coord>99.9224073 27.6991261 4014.93</gx:coord>
          <gx:coord>99.9225236 27.699114 4014.63</gx:coord>
          <gx:coord>99.9226282 27.6990879 4013.49</gx:coord>
          <gx:coord>99.9227344 27.6990817 4012.79</gx:coord>
          <gx:coord>99.922842 27.6990543 4011.76</gx:coord>
          <gx:coord>99.9229585 27.6990491 4011.48</gx:coord>
          <gx:coord>99.9230628 27.6990098 4010.78</gx:coord>
          <gx:coord>99.9231587 27.6989686 4010.12</gx:coord>
          <gx:coord>99.9232626 27.6989408 4010.06</gx:coord>
          <gx:coord>99.9233695 27.6988987 4010.71</gx:coord>
          <gx:coord>99.923465 27.6988526 4010.58</gx:coord>
          <gx:coord>99.9235262 27.6988063 4011.06</gx:coord>
          <gx:coord>99.9236268 27.6987991 4011.03</gx:coord>
          <gx:coord>99.923739 27.6987866 4011.01</gx:coord>
          <gx:coord>99.9238592 27.6987978 4012.49</gx:coord>
          <gx:coord>99.9239838 27.6988135 4012.79</gx:coord>
          <gx:coord>99.9241055 27.6988293 4012.06</gx:coord>
          <gx:coord>99.9242231 27.6988388 4011.14</gx:coord>
          <gx:coord>99.924331 27.6988634 4010.43</gx:coord>
          <gx:coord>99.9244245 27.698913 4009.73</gx:coord>
          <gx:coord>99.9245069 27.6989791 4009.96</gx:coord>
          <gx:coord>99.9245672 27.6990088 4009.93</gx:coord>
          <gx:coord>99.9246648 27.6990135 4009.86</gx:coord>
          <gx:coord>99.9247829 27.6989986 4009.35</gx:coord>
          <gx:coord>99.9248939 27.6989922 4008.79</gx:coord>
          <gx:coord>99.9250002 27.6990156 4008.3</gx:coord>
          <gx:coord>99.9250838 27.6990722 4007.61</gx:coord>
          <gx:coord>99.9251721 27.6991239 4007.46</gx:coord>
          <gx:coord>99.9252653 27.6991936 4007.01</gx:coord>
          <gx:coord>99.9253486 27.69927 4006.29</gx:coord>
          <gx:coord>99.925426 27.6993553 4004.9</gx:coord>
          <gx:coord>99.9255264 27.699413 4003.59</gx:coord>
          <gx:coord>99.9256271 27.6994692 4002.45</gx:coord>
          <gx:coord>99.9257272 27.6995116 4001.67</gx:coord>
          <gx:coord>99.9258278 27.6995336 4000.99</gx:coord>
          <gx:coord>99.9259248 27.6995811 3999.9</gx:coord>
          <gx:coord>99.9260263 27.6996173 3999.03</gx:coord>
          <gx:coord>99.9261287 27.6996452 3997.95</gx:coord>
          <gx:coord>99.9262145 27.6997136 3996.7</gx:coord>
          <gx:coord>99.9262985 27.6997871 3995.8</gx:coord>
          <gx:coord>99.926402 27.699845 3995.35</gx:coord>
          <gx:coord>99.9265091 27.6998709 3994.72</gx:coord>
          <gx:coord>99.9266069 27.6999041 3993.66</gx:coord>
          <gx:coord>99.9266966 27.6999498 3993.26</gx:coord>
          <gx:coord>99.9267908 27.7000082 3993.35</gx:coord>
          <gx:coord>99.9268946 27.7000489 3993.98</gx:coord>
          <gx:coord>99.9269817 27.7001029 3993.16</gx:coord>
          <gx:coord>99.9270715 27.7001493 3992.19</gx:coord>
          <gx:coord>99.9271806 27.7001869 3990.92</gx:coord>
          <gx:coord>99.9272929 27.700217 3989.91</gx:coord>
          <gx:coord>99.9274154 27.7002236 3989.15</gx:coord>
          <gx:coord>99.9275337 27.7002228 3988.19</gx:coord>
          <gx:coord>99.9276544 27.7002329 3987.88</gx:coord>
          <gx:coord>99.9277612 27.7002284 3987.29</gx:coord>
          <gx:coord>99.92787 27.7002138 3986.31</gx:coord>
          <gx:coord>99.9279696 27.7002517 3985.76</gx:coord>
          <gx:coord>99.9280677 27.700298 3985.77</gx:coord>
          <gx:coord>99.9281686 27.700351 3986.21</gx:coord>
          <gx:coord>99.9282804 27.700398 3987.08</gx:coord>
          <gx:coord>99.9283966 27.7004454 3987.27</gx:coord>
          <gx:coord>99.9284875 27.7005045 3987.23</gx:coord>
          <gx:coord>99.9285762 27.7005599 3986.87</gx:coord>
          <gx:coord>99.9286827 27.7005849 3987.27</gx:coord>
          <gx:coord>99.928788 27.7005783 3987.0</gx:coord>
          <gx:coord>99.928908 27.7005665 3986.21</gx:coord>
          <gx:coord>99.9290331 27.7005672 3986.07</gx:coord>
          <gx:coord>99.9291593 27.7005741 3986.05</gx:coord>
          <gx:coord>99.9292826 27.700599 3985.68</gx:coord>
          <gx:coord>99.9293901 27.7006051 3985.13</gx:coord>
          <gx:coord>99.929492 27.70062 3984.74</gx:coord>
          <gx:coord>99.9295933 27.7006534 3984.1</gx:coord>
          <gx:coord>99.9296916 27.7006851 3983.83</gx:coord>
          <gx:coord>99.9297895 27.7007117 3983.85</gx:coord>
          <gx:coord>99.9298973 27.7007492 3983.28</gx:coord>
          <gx:coord>99.9300113 27.7007784 3982.98</gx:coord>
          <gx:coord>99.9301308 27.7008102 3982.67</gx:coord>
          <gx:coord>99.930236 27.7008513 3982.42</gx:coord>
          <gx:coord>99.9303498 27.7008808 3982.33</gx:coord>
          <gx:coord>99.930454 27.7009059 3982.1</gx:coord>
          <gx:coord>99.9305704 27.7009258 3982.0</gx:coord>
          <gx:coord>99.9306767 27.700945 3981.75</gx:coord>
          <gx:coord>99.9307797 27.7009438 3980.8</gx:coord>
          <gx:coord>99.9308799 27.7009531 3980.05</gx:coord>
          <gx:coord>99.9309824 27.7009482 3979.07</gx:coord>
          <gx:coord>99.9310998 27.700939 3978.7</gx:coord>
          <gx:coord>99.9312202 27.7009123 3978.44</gx:coord>
          <gx:coord>99.9313366 27.7008663 3977.81</gx:coord>
          <gx:coord>99.9314407 27.7008307 3977.58</gx:coord>
          <gx:coord>99.9315567 27.7007953 3977.93</gx:coord>
          <gx:coord>99.9316738 27.7007591 3977.41</gx:coord>
          <gx:coord>99.9317851 27.7007413 3976.52</gx:coord>
          <gx:coord>99.9318895 27.7007387 3976.04</gx:coord>
          <gx:coord>99.9319913 27.7007375 3976.03</gx:coord>
          <gx:coord>99.9320994 27.7007431 3975.77</gx:coord>
          <gx:coord>99.932205 27.7007426 3975.58</gx:coord>
          <gx:coord>99.9323115 27.7007539 3975.1</gx:coord>
          <gx:coord>99.9324177 27.7007636 3974.62</gx:coord>
          <gx:coord>99.9325149 27.7007921 3974.24</gx:coord>
          <gx:coord>99.932628 27.7008106 3973.95</gx:coord>
          <gx:coord>99.9327346 27.7008089 3973.09</gx:coord>
          <gx:coord>99.9328445 27.7008004 3972.49</gx:coord>
          <gx:coord>99.9329481 27.7007869 3970.88</gx:coord>
          <gx:coord>99.9330501 27.7007644 3969.75</gx:coord>
          <gx:coord>99.9331615 27.7007711 3968.72</gx:coord>
          <gx:coord>99.9332803 27.7008042 3966.97</gx:coord>
          <gx:coord>99.9333865 27.7008369 3965.92</gx:coord>
          <gx:coord>99.9334893 27.70084 3964.77</gx:coord>
          <gx:coord>99.9335967 27.7008527 3963.63</gx:coord>
          <gx:coord>99.9337118 27.7008671 3962.72</gx:coord>
          <gx:coord>99.9338332 27.7008672 3962.77</gx:coord>
          <gx:coord>99.9339527 27.7008682 3962.65</gx:coord>
          <gx:coord>99.9340664 27.7008879 3963.19</gx:coord>
          <gx:coord>99.9341761 27.7008869 3963.04</gx:coord>
          <gx:coord>99.9342859 27.7008694 3963.03</gx:coord>
          <gx:coord>99.9344041 27.7008643 3963.32</gx:coord>
          <gx:coord>99.9345183 27.7008608 3962.37</gx:coord>
          <gx:coord>99.9346282 27.7008616 3961.36</gx:coord>
          <gx:coord>99.9347386 27.7008648 3960.49</gx:coord>
          <gx:coord>99.9348503 27.7008487 3959.78</gx:coord>
          <gx:coord>99.934963 27.7008255 3959.27</gx:coord>
          <gx:coord>99.9350786 27.7008056 3959.7</gx:coord>
          <gx:coord>99.9351964 27.7007775 3960.11</gx:coord>
          <gx:coord>99.935315 27.7007488 3960.31</gx:coord>
          <gx:coord>99.9354378 27.700757 3958.83</gx:coord>
          <gx:coord>99.9355531 27.7007558 3957.55</gx:coord>
          <gx:coord>99.9356576 27.7007554 3956.55</gx:coord>
          <gx:coord>99.9357586 27.7007598 3955.46</gx:coord>
          <gx:coord>99.9358635 27.7007563 3954.54</gx:coord>
          <gx:coord>99.9359662 27.7007603 3953.77</gx:coord>
          <gx:coord>99.9360849 27.7007561 3953.43</gx:coord>
          <gx:coord>99.9362051 27.7007762 3953.97</gx:coord>
          <gx:coord>99.9363209 27.7008186 3953.74</gx:coord>
          <gx:coord>99.9364213 27.7008836 3952.99</gx:coord>
          <gx:coord>99.9365201 27.7009482 3951.96</gx:coord>
          <gx:coord>99.9366019 27.7010211 3949.73</gx:coord>
          <gx:coord>99.9366836 27.7010829 3948.18</gx:coord>
          <gx:coord>99.9367965 27.7011078 3947.16</gx:coord>
          <gx:coord>99.9369182 27.7011032 3946.78</gx:coord>
          <gx:coord>99.9369971 27.7010898 3946.45</gx:coord>
          <gx:coord>99.9370875 27.701124 3946.61</gx:coord>
          <gx:coord>99.9371954 27.7011251 3945.87</gx:coord>
          <gx:coord>99.9373165 27.7011212 3944.14</gx:coord>
          <gx:coord>99.9374384 27.7010961 3943.64</gx:coord>
          <gx:coord>99.9375452 27.7010677 3943.19</gx:coord>
          <gx:coord>99.937647 27.7010474 3943.32</gx:coord>
          <gx:coord>99.9377497 27.7010218 3943.14</gx:coord>
          <gx:coord>99.9378591 27.7009959 3942.81</gx:coord>
          <gx:coord>99.937966 27.7009801 3942.37</gx:coord>
          <gx:coord>99.9380819 27.7009832 3941.52</gx:coord>
          <gx:coord>99.9381958 27.7010169 3941.23</gx:coord>
          <gx:coord>99.9383057 27.7010145 3939.01</gx:coord>
          <gx:coord>99.9384087 27.7009978 3937.93</gx:coord>
          <gx:coord>99.938511 27.7009867 3937.73</gx:coord>
          <gx:coord>99.9386178 27.700978 3937.76</gx:coord>
          <gx:coord>99.9387282 27.7009696 3938.31</gx:coord>
          <gx:coord>99.938831 27.7009505 3937.58</gx:coord>
          <gx:coord>99.9389338 27.7009483 3937.04</gx:coord>
          <gx:coord>99.9390408 27.700952 3936.53</gx:coord>
          <gx:coord>99.9391278 27.7009606 3936.01</gx:coord>
          <gx:coord>99.9392353 27.7009447 3936.54</gx:coord>
          <gx:coord>99.93935 27.7009061 3938.67</gx:coord>
          <gx:coord>99.939451 27.7008458 3939.63</gx:coord>
          <gx:coord>99.9395631 27.7007893 3940.69</gx:coord>
          <gx:coord>99.9396645 27.7007355 3941.98</gx:coord>
          <gx:coord>99.9397571 27.7006883 3942.77</gx:coord>
          <gx:coord>99.9398602 27.7006388 3942.91</gx:coord>
          <gx:coord>99.9399638 27.700578 3941.8</gx:coord>
          <gx:coord>99.9400814 27.7005651 3940.49</gx:coord>
          <gx:coord>99.9401878 27.7005799 3938.58</gx:coord>
          <gx:coord>99.9402878 27.7005672 3937.39</gx:coord>
          <gx:coord>99.9403848 27.7005406 3936.18</gx:coord>
          <gx:coord>99.9405006 27.7005152 3936.03</gx:coord>
          <gx:coord>99.9406228 27.7005099 3936.18</gx:coord>
          <gx:coord>99.9407443 27.7005164 3935.91</gx:coord>
          <gx:coord>99.9408683 27.7005342 3934.92</gx:coord>
          <gx:coord>99.9409742 27.7005873 3933.46</gx:coord>
          <gx:coord>99.9410744 27.7006509 3932.31</gx:coord>
          <gx:coord>99.9411049 27.7006717 3929.89</gx:coord>
          <gx:coord>99.9411957 27.7006677 3928.32</gx:coord>
          <gx:coord>99.9413127 27.7006535 3926.72</gx:coord>
          <gx:coord>99.9414262 27.7006381 3925.31</gx:coord>
          <gx:coord>99.9415382 27.7006 3925.59</gx:coord>
          <gx:coord>99.9416417 27.7005524 3926.57</gx:coord>
          <gx:coord>99.941735 27.7005086 3927.39</gx:coord>
          <gx:coord>99.9418359 27.7004747 3927.82</gx:coord>
          <gx:coord>99.9419182 27.7004132 3927.73</gx:coord>
          <gx:coord>99.9419319 27.7003251 3927.64</gx:coord>
          <gx:coord>99.9418875 27.7002351 3927.4</gx:coord>
          <gx:coord>99.9419227 27.7003182 3928.15</gx:coord>
          <gx:coord>99.9419542 27.7004044 3927.34</gx:coord>
          <gx:coord>99.9420292 27.7004751 3926.91</gx:coord>
          <gx:coord>99.9420985 27.7005453 3925.78</gx:coord>
          <gx:coord>99.9421835 27.7006054 3924.33</gx:coord>
          <gx:coord>99.9422791 27.7006421 3922.54</gx:coord>
          <gx:coord>99.9423825 27.7006252 3921.06</gx:coord>
          <gx:coord>99.9424802 27.7005851 3919.11</gx:coord>
          <gx:coord>99.9425732 27.7005358 3917.95</gx:coord>
          <gx:coord>99.9426704 27.7004717 3917.4</gx:coord>
          <gx:coord>99.9427537 27.7004076 3917.27</gx:coord>
          <gx:coord>99.9428203 27.7003348 3917.08</gx:coord>
          <gx:coord>99.9429045 27.70027 3917.06</gx:coord>
          <gx:coord>99.9430035 27.7002236 3917.34</gx:coord>
          <gx:coord>99.9431137 27.7001865 3917.94</gx:coord>
          <gx:coord>99.9431949 27.7001286 3919.07</gx:coord>
          <gx:coord>99.9432628 27.7000605 3920.34</gx:coord>
          <gx:coord>99.9433455 27.6999884 3921.77</gx:coord>
          <gx:coord>99.9434274 27.6999245 3922.82</gx:coord>
          <gx:coord>99.9435208 27.6998766 3923.28</gx:coord>
          <gx:coord>99.9436165 27.6998214 3924.62</gx:coord>
          <gx:coord>99.9436841 27.6997467 3926.27</gx:coord>
          <gx:coord>99.9437733 27.6996867 3929.08</gx:coord>
          <gx:coord>99.9438664 27.6996257 3931.47</gx:coord>
          <gx:coord>99.9439425 27.6995541 3932.8</gx:coord>
          <gx:coord>99.9440295 27.6994952 3934.9</gx:coord>
          <gx:coord>99.9441215 27.6994467 3936.56</gx:coord>
          <gx:coord>99.9442023 27.6993832 3938.07</gx:coord>
          <gx:coord>99.9442688 27.6993106 3940.02</gx:coord>
          <gx:coord>99.944333 27.6992308 3941.91</gx:coord>
          <gx:coord>99.9443831 27.6991465 3944.42</gx:coord>
          <gx:coord>99.9444335 27.6990622 3946.31</gx:coord>
          <gx:coord>99.9444865 27.698973 3947.89</gx:coord>
          <gx:coord>99.9445529 27.698898 3948.79</gx:coord>
          <gx:coord>99.9446337 27.6988354 3950.12</gx:coord>
          <gx:coord>99.9446887 27.6987587 3951.83</gx:coord>
          <gx:coord>99.9447634 27.6986882 3952.95</gx:coord>
          <gx:coord>99.944851 27.6986264 3954.91</gx:coord>
          <gx:coord>99.9449475 27.6985873 3955.97</gx:coord>
          <gx:coord>99.9450355 27.698537 3956.8</gx:coord>
          <gx:coord>99.9451233 27.698484 3956.52</gx:coord>
          <gx:coord>99.9452096 27.6984289 3956.51</gx:coord>
          <gx:coord>99.9452911 27.698362 3956.58</gx:coord>
          <gx:coord>99.9453849 27.6983033 3956.84</gx:coord>
          <gx:coord>99.9454838 27.6982437 3957.21</gx:coord>
          <gx:coord>99.9455866 27.6982017 3957.73</gx:coord>
          <gx:coord>99.945548 27.6981171 3958.54</gx:coord>
          <gx:coord>99.945628 27.6980599 3961.1</gx:coord>
          <gx:coord>99.9456888 27.6979816 3963.04</gx:coord>
          <gx:coord>99.9457461 27.697905 3965.01</gx:coord>
          <gx:coord>99.9458032 27.6978292 3965.55</gx:coord>
          <gx:coord>99.9458643 27.6977426 3965.79</gx:coord>
          <gx:coord>99.9458973 27.6976401 3966.23</gx:coord>
          <gx:coord>99.9459607 27.6975527 3967.0</gx:coord>
          <gx:coord>99.946032 27.6974749 3966.45</gx:coord>
          <gx:coord>99.9460961 27.6973939 3965.67</gx:coord>
          <gx:coord>99.9461756 27.6973143 3964.96</gx:coord>
          <gx:coord>99.9462567 27.6972264 3964.52</gx:coord>
          <gx:coord>99.9463199 27.6971413 3964.85</gx:coord>
          <gx:coord>99.9463753 27.6970553 3964.95</gx:coord>
          <gx:coord>99.9464125 27.6969604 3965.27</gx:coord>
          <gx:coord>99.9464717 27.6968748 3964.83</gx:coord>
          <gx:coord>99.9465613 27.6968145 3964.25</gx:coord>
          <gx:coord>99.9466437 27.6967351 3963.81</gx:coord>
          <gx:coord>99.9467198 27.6966623 3963.22</gx:coord>
          <gx:coord>99.9468082 27.6965909 3962.66</gx:coord>
          <gx:coord>99.9468876 27.6965195 3962.06</gx:coord>
          <gx:coord>99.9469661 27.696459 3962.36</gx:coord>
          <gx:coord>99.9470631 27.6964049 3962.47</gx:coord>
          <gx:coord>99.947126 27.6963297 3962.17</gx:coord>
          <gx:coord>99.9472032 27.6962723 3961.64</gx:coord>
          <gx:coord>99.9473056 27.6962408 3960.46</gx:coord>
          <gx:coord>99.9473992 27.6961839 3959.75</gx:coord>
          <gx:coord>99.9474424 27.6961537 3958.78</gx:coord>
          <gx:coord>99.9475028 27.6960949 3958.77</gx:coord>
          <gx:coord>99.9475905 27.6960338 3958.72</gx:coord>
          <gx:coord>99.947684 27.6959608 3957.84</gx:coord>
          <gx:coord>99.9477881 27.6959545 3956.33</gx:coord>
          <gx:coord>99.9478458 27.6959614 3953.0</gx:coord>
          <gx:coord>99.9479417 27.6959841 3950.88</gx:coord>
          <gx:coord>99.9480411 27.6959666 3949.15</gx:coord>
          <gx:coord>99.9480537 27.6959078 3948.21</gx:coord>
          <gx:coord>99.9481169 27.6958383 3948.66</gx:coord>
          <gx:coord>99.948217 27.6957944 3946.83</gx:coord>
          <gx:coord>99.9482959 27.6957499 3944.8</gx:coord>
          <gx:coord>99.9483932 27.6957015 3942.81</gx:coord>
          <gx:coord>99.9484757 27.6956302 3941.18</gx:coord>
          <gx:coord>99.9485655 27.6955782 3940.2</gx:coord>
          <gx:coord>99.9486471 27.6955057 3938.12</gx:coord>
          <gx:coord>99.9486995 27.6954226 3936.7</gx:coord>
          <gx:coord>99.9487132 27.6953307 3935.22</gx:coord>
          <gx:coord>99.9487691 27.6952493 3933.48</gx:coord>
          <gx:coord>99.9488509 27.6951909 3932.65</gx:coord>
          <gx:coord>99.9489219 27.695125 3932.46</gx:coord>
          <gx:coord>99.9489955 27.6950489 3930.36</gx:coord>
          <gx:coord>99.9490453 27.6949625 3928.05</gx:coord>
          <gx:coord>99.9490827 27.6948653 3926.29</gx:coord>
          <gx:coord>99.9491001 27.6947709 3924.49</gx:coord>
          <gx:coord>99.9491309 27.6946846 3923.28</gx:coord>
          <gx:coord>99.9491702 27.6945996 3922.72</gx:coord>
          <gx:coord>99.9492281 27.6945127 3922.02</gx:coord>
          <gx:coord>99.9492847 27.6944267 3921.69</gx:coord>
          <gx:coord>99.9493344 27.6943301 3922.26</gx:coord>
          <gx:coord>99.9493794 27.6942349 3920.67</gx:coord>
          <gx:coord>99.9494214 27.6941398 3919.03</gx:coord>
          <gx:coord>99.9494612 27.6940472 3918.35</gx:coord>
          <gx:coord>99.949516 27.69397 3918.15</gx:coord>
          <gx:coord>99.9495693 27.693886 3918.28</gx:coord>
          <gx:coord>99.9496235 27.6937994 3918.41</gx:coord>
          <gx:coord>99.9496952 27.6937218 3917.55</gx:coord>
          <gx:coord>99.949784 27.6936558 3917.09</gx:coord>
          <gx:coord>99.9498872 27.6935979 3917.7</gx:coord>
          <gx:coord>99.9499749 27.6935268 3918.25</gx:coord>
          <gx:coord>99.9500632 27.6934511 3918.58</gx:coord>
          <gx:coord>99.9501526 27.6933773 3918.65</gx:coord>
          <gx:coord>99.9502484 27.6933141 3918.0</gx:coord>
          <gx:coord>99.9503533 27.6932711 3917.6</gx:coord>
          <gx:coord>99.9504571 27.6932404 3916.82</gx:coord>
          <gx:coord>99.9505677 27.6931941 3916.28</gx:coord>
          <gx:coord>99.9506738 27.6931563 3915.52</gx:coord>
          <gx:coord>99.9507886 27.6931252 3914.51</gx:coord>
          <gx:coord>99.9508854 27.6930792 3912.88</gx:coord>
          <gx:coord>99.9509761 27.6930311 3911.97</gx:coord>
          <gx:coord>99.951068 27.6929799 3910.46</gx:coord>
          <gx:coord>99.9511688 27.6929354 3908.74</gx:coord>
          <gx:coord>99.9512693 27.6929113 3907.97</gx:coord>
          <gx:coord>99.9513717 27.6929151 3907.01</gx:coord>
          <gx:coord>99.9514634 27.692885 3905.61</gx:coord>
          <gx:coord>99.9515679 27.6928549 3904.18</gx:coord>
          <gx:coord>99.9516839 27.6928418 3902.47</gx:coord>
          <gx:coord>99.9517997 27.692839 3901.15</gx:coord>
          <gx:coord>99.9519088 27.6928353 3899.43</gx:coord>
          <gx:coord>99.952027 27.6928261 3898.58</gx:coord>
          <gx:coord>99.9520856 27.6928259 3897.05</gx:coord>
          <gx:coord>99.9521731 27.6928473 3896.25</gx:coord>
          <gx:coord>99.952279 27.6928575 3894.87</gx:coord>
          <gx:coord>99.9523869 27.6928735 3894.14</gx:coord>
          <gx:coord>99.9524915 27.6929004 3893.89</gx:coord>
          <gx:coord>99.952589 27.6929444 3892.88</gx:coord>
          <gx:coord>99.9526902 27.6929468 3892.25</gx:coord>
          <gx:coord>99.9528016 27.6929697 3891.79</gx:coord>
          <gx:coord>99.9529207 27.6929953 3890.35</gx:coord>
          <gx:coord>99.9530394 27.6930206 3889.0</gx:coord>
          <gx:coord>99.9531486 27.6930522 3888.06</gx:coord>
          <gx:coord>99.953258 27.6930749 3886.65</gx:coord>
          <gx:coord>99.9533533 27.6931275 3885.64</gx:coord>
          <gx:coord>99.9534339 27.6931943 3884.58</gx:coord>
          <gx:coord>99.953514 27.6932565 3884.24</gx:coord>
          <gx:coord>99.9536128 27.6932891 3884.02</gx:coord>
          <gx:coord>99.9537152 27.6933229 3883.95</gx:coord>
          <gx:coord>99.9538143 27.6933551 3883.57</gx:coord>
          <gx:coord>99.9539106 27.6933993 3883.38</gx:coord>
          <gx:coord>99.9540033 27.6934415 3884.44</gx:coord>
          <gx:coord>99.9541002 27.6934921 3885.1</gx:coord>
          <gx:coord>99.9542019 27.6935395 3884.55</gx:coord>
          <gx:coord>99.9543174 27.6935728 3883.61</gx:coord>
          <gx:coord>99.9544356 27.693596 3882.49</gx:coord>
          <gx:coord>99.9545457 27.6936179 3881.77</gx:coord>
          <gx:coord>99.954654 27.6936605 3882.23</gx:coord>
          <gx:coord>99.9547614 27.693688 3883.63</gx:coord>
          <gx:coord>99.9548627 27.693718 3884.67</gx:coord>
          <gx:coord>99.9549602 27.6937659 3885.77</gx:coord>
          <gx:coord>99.9550556 27.6938121 3887.19</gx:coord>
          <gx:coord>99.9551583 27.6938319 3889.74</gx:coord>
          <gx:coord>99.9552694 27.693849 3891.3</gx:coord>
          <gx:coord>99.9553743 27.6938629 3891.85</gx:coord>
          <gx:coord>99.9554834 27.6938932 3892.44</gx:coord>
          <gx:coord>99.9555915 27.6939403 3891.61</gx:coord>
          <gx:coord>99.9557005 27.6939919 3889.74</gx:coord>
          <gx:coord>99.9558035 27.6940443 3887.61</gx:coord>
          <gx:coord>99.9559114 27.6940961 3886.84</gx:coord>
          <gx:coord>99.9560014 27.69415 3886.48</gx:coord>
          <gx:coord>99.9561004 27.6942041 3886.67</gx:coord>
          <gx:coord>99.9561881 27.6942743 3886.23</gx:coord>
          <gx:coord>99.956287 27.6943256 3886.43</gx:coord>
          <gx:coord>99.9563823 27.6943674 3886.08</gx:coord>
          <gx:coord>99.9564819 27.6944018 3885.89</gx:coord>
          <gx:coord>99.9565823 27.6944332 3886.04</gx:coord>
          <gx:coord>99.9566711 27.6944831 3887.09</gx:coord>
          <gx:coord>99.9567695 27.6945303 3888.63</gx:coord>
          <gx:coord>99.9568515 27.6945911 3888.31</gx:coord>
          <gx:coord>99.9569314 27.694651 3887.6</gx:coord>
          <gx:coord>99.9570223 27.6946964 3887.05</gx:coord>
          <gx:coord>99.9571279 27.6947349 3887.19</gx:coord>
          <gx:coord>99.9572161 27.6947629 3886.52</gx:coord>
          <gx:coord>99.9572977 27.694823 3885.8</gx:coord>
          <gx:coord>99.9573829 27.6948806 3886.26</gx:coord>
          <gx:coord>99.9574653 27.6949414 3886.62</gx:coord>
          <gx:coord>99.9575512 27.6950078 3886.2</gx:coord>
          <gx:coord>99.9576384 27.6950853 3885.47</gx:coord>
          <gx:coord>99.9577299 27.6951614 3884.7</gx:coord>
          <gx:coord>99.9578091 27.6952447 3884.74</gx:coord>
          <gx:coord>99.9578947 27.6953169 3884.41</gx:coord>
          <gx:coord>99.9579667 27.6953849 3883.47</gx:coord>
          <gx:coord>99.9580462 27.695445 3883.78</gx:coord>
          <gx:coord>99.9581427 27.6955129 3883.84</gx:coord>
          <gx:coord>99.9582417 27.6955797 3884.02</gx:coord>
          <gx:coord>99.9583508 27.6956336 3884.81</gx:coord>
          <gx:coord>99.9584595 27.6956761 3883.85</gx:coord>
          <gx:coord>99.9585686 27.6957199 3883.51</gx:coord>
          <gx:coord>99.9586073 27.6957411 3883.3</gx:coord>
          <gx:coord>99.9586647 27.6957976 3883.65</gx:coord>
          <gx:coord>99.9587457 27.6958508 3885.12</gx:coord>
          <gx:coord>99.9588264 27.6959147 3885.01</gx:coord>
          <gx:coord>99.958911 27.6959731 3886.93</gx:coord>
          <gx:coord>99.9590008 27.6960197 3887.74</gx:coord>
          <gx:coord>99.9591039 27.6960522 3889.71</gx:coord>
          <gx:coord>99.9592201 27.6960902 3891.68</gx:coord>
          <gx:coord>99.9593097 27.6961436 3892.56</gx:coord>
          <gx:coord>99.9593957 27.6961949 3892.98</gx:coord>
          <gx:coord>99.9594799 27.6962583 3893.25</gx:coord>
          <gx:coord>99.9595806 27.6963073 3892.92</gx:coord>
          <gx:coord>99.9596831 27.6963453 3893.15</gx:coord>
          <gx:coord>99.9597812 27.696386 3893.56</gx:coord>
          <gx:coord>99.9598783 27.6964462 3894.04</gx:coord>
          <gx:coord>99.9599752 27.6965037 3893.3</gx:coord>
          <gx:coord>99.9600763 27.6965495 3893.07</gx:coord>
          <gx:coord>99.9601676 27.6966055 3893.12</gx:coord>
          <gx:coord>99.9602564 27.6966544 3893.81</gx:coord>
          <gx:coord>99.9603557 27.6967006 3894.05</gx:coord>
          <gx:coord>99.9604578 27.6967598 3894.3</gx:coord>
          <gx:coord>99.9605578 27.6968007 3895.21</gx:coord>
          <gx:coord>99.9606506 27.6968479 3897.19</gx:coord>
          <gx:coord>99.960753 27.696877 3899.06</gx:coord>
          <gx:coord>99.9608614 27.6969067 3900.79</gx:coord>
          <gx:coord>99.9609668 27.6969265 3902.37</gx:coord>
          <gx:coord>99.9610694 27.6969664 3903.68</gx:coord>
          <gx:coord>99.9611827 27.6969862 3904.94</gx:coord>
          <gx:coord>99.9612835 27.6970264 3904.23</gx:coord>
          <gx:coord>99.9613806 27.6970603 3905.03</gx:coord>
          <gx:coord>99.9614859 27.6970897 3907.55</gx:coord>
          <gx:coord>99.961592 27.6971011 3910.06</gx:coord>
          <gx:coord>99.9616982 27.6971125 3911.47</gx:coord>
          <gx:coord>99.9618035 27.6971195 3911.44</gx:coord>
          <gx:coord>99.9619036 27.6971539 3911.13</gx:coord>
          <gx:coord>99.9619697 27.6972231 3911.07</gx:coord>
          <gx:coord>99.9620345 27.6972957 3910.87</gx:coord>
          <gx:coord>99.9621077 27.6973686 3910.72</gx:coord>
          <gx:coord>99.9621992 27.697426 3910.38</gx:coord>
          <gx:coord>99.9623035 27.6974858 3908.95</gx:coord>
          <gx:coord>99.962401 27.6975323 3908.33</gx:coord>
          <gx:coord>99.9624712 27.6976 3908.36</gx:coord>
          <gx:coord>99.962527 27.6976761 3908.73</gx:coord>
          <gx:coord>99.962602 27.6977539 3910.28</gx:coord>
          <gx:coord>99.9626916 27.6978046 3911.51</gx:coord>
          <gx:coord>99.9627899 27.697859 3913.26</gx:coord>
          <gx:coord>99.9628803 27.6979114 3914.1</gx:coord>
          <gx:coord>99.9629779 27.6979441 3914.55</gx:coord>
          <gx:coord>99.963086 27.6979626 3915.06</gx:coord>
          <gx:coord>99.96319 27.6979915 3915.62</gx:coord>
          <gx:coord>99.9632911 27.6980365 3915.29</gx:coord>
          <gx:coord>99.9633856 27.6980904 3915.04</gx:coord>
          <gx:coord>99.9634764 27.6981453 3915.67</gx:coord>
          <gx:coord>99.9635609 27.6981992 3914.64</gx:coord>
          <gx:coord>99.963627 27.6982724 3914.6</gx:coord>
          <gx:coord>99.9637079 27.6983387 3914.25</gx:coord>
          <gx:coord>99.9637794 27.6984202 3913.86</gx:coord>
          <gx:coord>99.9638669 27.6984819 3913.43</gx:coord>
          <gx:coord>99.9639508 27.6985416 3913.58</gx:coord>
          <gx:coord>99.9640403 27.6986014 3914.1</gx:coord>
          <gx:coord>99.9641239 27.6986654 3914.2</gx:coord>
          <gx:coord>99.9641925 27.698747 3914.31</gx:coord>
          <gx:coord>99.9642497 27.6988275 3914.3</gx:coord>
          <gx:coord>99.9643196 27.6988989 3914.95</gx:coord>
          <gx:coord>99.9644023 27.6989635 3915.77</gx:coord>
          <gx:coord>99.9644976 27.6990228 3917.73</gx:coord>
          <gx:coord>99.9645883 27.6990726 3919.64</gx:coord>
          <gx:coord>99.9646555 27.6991494 3920.72</gx:coord>
          <gx:coord>99.9647192 27.6992349 3921.9</gx:coord>
          <gx:coord>99.9647821 27.6993136 3922.2</gx:coord>
          <gx:coord>99.9648764 27.699351 3922.53</gx:coord>
          <gx:coord>99.9649883 27.6993662 3923.19</gx:coord>
          <gx:coord>99.9651 27.6993868 3924.85</gx:coord>
          <gx:coord>99.9652176 27.6993984 3925.94</gx:coord>
          <gx:coord>99.9653033 27.6994613 3926.96</gx:coord>
          <gx:coord>99.9653739 27.6995435 3926.73</gx:coord>
          <gx:coord>99.9654388 27.6996203 3927.86</gx:coord>
          <gx:coord>99.9655154 27.6996929 3928.32</gx:coord>
          <gx:coord>99.9656143 27.6997414 3928.81</gx:coord>
          <gx:coord>99.9657176 27.6997908 3929.05</gx:coord>
          <gx:coord>99.9658243 27.6998233 3929.24</gx:coord>
          <gx:coord>99.965926 27.6998559 3929.2</gx:coord>
          <gx:coord>99.9660312 27.6998628 3929.32</gx:coord>
          <gx:coord>99.9661472 27.6998657 3928.53</gx:coord>
          <gx:coord>99.9662629 27.6998771 3928.67</gx:coord>
          <gx:coord>99.9663779 27.6999038 3928.65</gx:coord>
          <gx:coord>99.9664745 27.6999435 3927.03</gx:coord>
          <gx:coord>99.966568 27.6999949 3925.58</gx:coord>
          <gx:coord>99.9666647 27.7000535 3924.44</gx:coord>
          <gx:coord>99.9667545 27.7001092 3923.55</gx:coord>
          <gx:coord>99.9668391 27.7001751 3922.77</gx:coord>
          <gx:coord>99.966919 27.7002388 3921.86</gx:coord>
          <gx:coord>99.9670096 27.7002978 3921.47</gx:coord>
          <gx:coord>99.9670905 27.7003661 3921.64</gx:coord>
          <gx:coord>99.9671631 27.700444 3922.29</gx:coord>
          <gx:coord>99.967216 27.7004954 3923.04</gx:coord>
          <gx:coord>99.9672645 27.700574 3923.89</gx:coord>
          <gx:coord>99.9673177 27.7006664 3924.78</gx:coord>
          <gx:coord>99.967377 27.7007631 3924.74</gx:coord>
          <gx:coord>99.9674305 27.70086 3923.95</gx:coord>
          <gx:coord>99.9674757 27.7009583 3923.3</gx:coord>
          <gx:coord>99.9675203 27.7010446 3922.78</gx:coord>
          <gx:coord>99.9675785 27.701138 3922.22</gx:coord>
          <gx:coord>99.9676368 27.7012287 3921.99</gx:coord>
          <gx:coord>99.9676916 27.7013132 3921.96</gx:coord>
          <gx:coord>99.9677566 27.7014024 3921.91</gx:coord>
          <gx:coord>99.9678182 27.7014826 3921.25</gx:coord>
          <gx:coord>99.967881 27.7015585 3920.91</gx:coord>
          <gx:coord>99.9679462 27.7016433 3920.41</gx:coord>
          <gx:coord>99.9680101 27.7017345 3920.31</gx:coord>
          <gx:coord>99.968043 27.7018153 3920.79</gx:coord>
          <gx:coord>99.9680979 27.7019013 3922.01</gx:coord>
          <gx:coord>99.9681724 27.7019884 3922.83</gx:coord>
          <gx:coord>99.9682432 27.7020821 3923.41</gx:coord>
          <gx:coord>99.968307 27.7021673 3922.22</gx:coord>
          <gx:coord>99.9683557 27.7022571 3921.01</gx:coord>
          <gx:coord>99.9683946 27.702345 3920.24</gx:coord>
          <gx:coord>99.9684301 27.7024354 3919.61</gx:coord>
          <gx:coord>99.9684646 27.7025214 3919.48</gx:coord>
          <gx:coord>99.9684964 27.7026138 3919.55</gx:coord>
          <gx:coord>99.9685127 27.7027046 3919.08</gx:coord>
          <gx:coord>99.9685262 27.7027999 3919.87</gx:coord>
          <gx:coord>99.9685251 27.7029072 3920.36</gx:coord>
          <gx:coord>99.9685189 27.7030045 3920.55</gx:coord>
          <gx:coord>99.9685208 27.7031113 3919.67</gx:coord>
          <gx:coord>99.9685218 27.7032156 3919.42</gx:coord>
          <gx:coord>99.9685241 27.7033226 3919.96</gx:coord>
          <gx:coord>99.9685266 27.7034283 3921.14</gx:coord>
          <gx:coord>99.9685408 27.7035356 3922.41</gx:coord>
          <gx:coord>99.9685751 27.7036381 3923.77</gx:coord>
          <gx:coord>99.9686112 27.7037414 3924.67</gx:coord>
          <gx:coord>99.9686622 27.7038282 3925.27</gx:coord>
          <gx:coord>99.9687013 27.7039261 3925.91</gx:coord>
          <gx:coord>99.9687331 27.7040256 3925.98</gx:coord>
          <gx:coord>99.9687412 27.7041182 3926.33</gx:coord>
          <gx:coord>99.9687375 27.7042196 3927.73</gx:coord>
          <gx:coord>99.9687223 27.7043196 3928.75</gx:coord>
          <gx:coord>99.9686973 27.7044146 3929.97</gx:coord>
          <gx:coord>99.9687157 27.7045042 3931.43</gx:coord>
          <gx:coord>99.9687505 27.7046022 3931.12</gx:coord>
          <gx:coord>99.9687614 27.7047007 3931.48</gx:coord>
          <gx:coord>99.9687908 27.7048028 3932.11</gx:coord>
          <gx:coord>99.9688411 27.7048906 3932.23</gx:coord>
          <gx:coord>99.9688615 27.7049905 3931.72</gx:coord>
          <gx:coord>99.9688875 27.7050806 3933.14</gx:coord>
          <gx:coord>99.9689085 27.7051798 3934.01</gx:coord>
          <gx:coord>99.9689266 27.7052773 3934.47</gx:coord>
          <gx:coord>99.9689593 27.7053703 3935.42</gx:coord>
          <gx:coord>99.9689691 27.7054725 3935.92</gx:coord>
          <gx:coord>99.9689811 27.7055714 3936.77</gx:coord>
          <gx:coord>99.9690104 27.7056638 3936.29</gx:coord>
          <gx:coord>99.9690503 27.7057606 3935.67</gx:coord>
          <gx:coord>99.9691008 27.705851 3934.99</gx:coord>
          <gx:coord>99.9691655 27.7059337 3934.12</gx:coord>
          <gx:coord>99.9692171 27.7060142 3932.47</gx:coord>
          <gx:coord>99.9692621 27.7061005 3931.06</gx:coord>
          <gx:coord>99.9693093 27.7061819 3930.49</gx:coord>
          <gx:coord>99.9693503 27.7062721 3930.11</gx:coord>
          <gx:coord>99.9693709 27.7063724 3930.16</gx:coord>
          <gx:coord>99.9693949 27.7064646 3930.77</gx:coord>
          <gx:coord>99.9693883 27.7065549 3930.33</gx:coord>
          <gx:coord>99.9693745 27.7066505 3930.36</gx:coord>
          <gx:coord>99.969359 27.7067493 3930.62</gx:coord>
          <gx:coord>99.9693848 27.7068537 3931.47</gx:coord>
          <gx:coord>99.9694253 27.7069467 3931.26</gx:coord>
          <gx:coord>99.9694772 27.7070387 3930.69</gx:coord>
          <gx:coord>99.9694758 27.707136 3929.29</gx:coord>
          <gx:coord>99.9695127 27.7072207 3929.34</gx:coord>
          <gx:coord>99.9695477 27.7073119 3927.62</gx:coord>
          <gx:coord>99.9695795 27.7074034 3926.42</gx:coord>
          <gx:coord>99.9696245 27.7074925 3924.72</gx:coord>
          <gx:coord>99.9696606 27.7075855 3922.34</gx:coord>
          <gx:coord>99.9696773 27.7076768 3920.22</gx:coord>
          <gx:coord>99.9696929 27.7077794 3918.6</gx:coord>
          <gx:coord>99.9697377 27.7078737 3917.3</gx:coord>
          <gx:coord>99.969803 27.7079566 3915.28</gx:coord>
          <gx:coord>99.9698732 27.7080355 3913.83</gx:coord>
          <gx:coord>99.9699174 27.7081215 3913.65</gx:coord>
          <gx:coord>99.9699541 27.7082145 3913.66</gx:coord>
          <gx:coord>99.9699638 27.7083163 3912.28</gx:coord>
          <gx:coord>99.9700151 27.7083985 3911.99</gx:coord>
          <gx:coord>99.9700874 27.7084672 3911.68</gx:coord>
          <gx:coord>99.9701668 27.7085305 3911.84</gx:coord>
          <gx:coord>99.9702444 27.7085981 3912.62</gx:coord>
          <gx:coord>99.9702573 27.708687 3913.78</gx:coord>
          <gx:coord>99.9702765 27.7087588 3915.23</gx:coord>
          <gx:coord>99.970268 27.7088429 3915.26</gx:coord>
          <gx:coord>99.9702866 27.7089302 3917.3</gx:coord>
          <gx:coord>99.9703489 27.70901 3917.24</gx:coord>
          <gx:coord>99.9703997 27.7091021 3916.79</gx:coord>
          <gx:coord>99.9704547 27.7091844 3916.77</gx:coord>
          <gx:coord>99.9705032 27.7092677 3916.2</gx:coord>
          <gx:coord>99.9705713 27.7093454 3915.97</gx:coord>
          <gx:coord>99.9706235 27.7094333 3916.05</gx:coord>
          <gx:coord>99.970666 27.709519 3916.67</gx:coord>
          <gx:coord>99.9707093 27.7096215 3917.2</gx:coord>
          <gx:coord>99.9707518 27.7097184 3917.48</gx:coord>
          <gx:coord>99.9707922 27.7098083 3918.04</gx:coord>
          <gx:coord>99.970841 27.709889 3918.71</gx:coord>
          <gx:coord>99.9708969 27.7099732 3918.26</gx:coord>
          <gx:coord>99.9709614 27.7100509 3917.85</gx:coord>
          <gx:coord>99.9710055 27.7101373 3917.78</gx:coord>
          <gx:coord>99.9710195 27.7101645 3917.71</gx:coord>
          <gx:coord>99.9710907 27.7102321 3917.31</gx:coord>
          <gx:coord>99.9711503 27.7103211 3918.37</gx:coord>
          <gx:coord>99.9711729 27.7104162 3917.74</gx:coord>
          <gx:coord>99.9711542 27.7105153 3917.66</gx:coord>
          <gx:coord>99.9711418 27.7106131 3917.75</gx:coord>
          <gx:coord>99.9711554 27.7107135 3918.07</gx:coord>
          <gx:coord>99.9711833 27.7108095 3917.78</gx:coord>
          <gx:coord>99.9712135 27.7109023 3916.6</gx:coord>
          <gx:coord>99.9712447 27.7110018 3915.28</gx:coord>
          <gx:coord>99.9712491 27.7111036 3913.51</gx:coord>
          <gx:coord>99.9712598 27.7112074 3912.62</gx:coord>
          <gx:coord>99.9712705 27.7113111 3911.59</gx:coord>
          <gx:coord>99.9713179 27.7113932 3911.32</gx:coord>
          <gx:coord>99.9713624 27.711476 3911.05</gx:coord>
          <gx:coord>99.9713848 27.7115733 3910.07</gx:coord>
          <gx:coord>99.9713986 27.7116678 3912.58</gx:coord>
          <gx:coord>99.9714184 27.7117647 3913.26</gx:coord>
          <gx:coord>99.9714401 27.7118721 3912.85</gx:coord>
          <gx:coord>99.971447 27.7119156 3912.23</gx:coord>
          <gx:coord>99.9715148 27.711963 3912.05</gx:coord>
          <gx:coord>99.9715486 27.7120436 3909.62</gx:coord>
          <gx:coord>99.9715792 27.7121394 3907.09</gx:coord>
          <gx:coord>99.9716317 27.7122346 3905.26</gx:coord>
          <gx:coord>99.9716785 27.7123245 3903.47</gx:coord>
          <gx:coord>99.9717067 27.7123665 3901.83</gx:coord>
          <gx:coord>99.971734 27.7124469 3901.11</gx:coord>
          <gx:coord>99.9717357 27.7125433 3901.26</gx:coord>
          <gx:coord>99.9716966 27.7126301 3902.45</gx:coord>
          <gx:coord>99.9716677 27.7127273 3903.49</gx:coord>
          <gx:coord>99.9716485 27.7128267 3905.09</gx:coord>
          <gx:coord>99.9716519 27.7129217 3905.67</gx:coord>
          <gx:coord>99.9716542 27.7130289 3905.38</gx:coord>
          <gx:coord>99.9716113 27.7131136 3905.64</gx:coord>
          <gx:coord>99.9715857 27.7132139 3907.06</gx:coord>
          <gx:coord>99.9715625 27.7133106 3907.12</gx:coord>
          <gx:coord>99.9715438 27.7134049 3907.29</gx:coord>
          <gx:coord>99.9715263 27.7135122 3907.91</gx:coord>
          <gx:coord>99.9715285 27.7136117 3908.44</gx:coord>
          <gx:coord>99.9715391 27.7137039 3907.39</gx:coord>
          <gx:coord>99.971525 27.7138059 3905.24</gx:coord>
          <gx:coord>99.9715175 27.7139115 3903.05</gx:coord>
          <gx:coord>99.9714952 27.714016 3901.75</gx:coord>
          <gx:coord>99.9714579 27.7141199 3901.84</gx:coord>
          <gx:coord>99.9714136 27.7142108 3902.5</gx:coord>
          <gx:coord>99.971385 27.7142983 3903.68</gx:coord>
          <gx:coord>99.9713613 27.7143883 3904.12</gx:coord>
          <gx:coord>99.9713439 27.714481 3904.18</gx:coord>
          <gx:coord>99.9713298 27.7145723 3904.06</gx:coord>
          <gx:coord>99.9713203 27.7146658 3903.94</gx:coord>
          <gx:coord>99.9712996 27.7147579 3903.51</gx:coord>
          <gx:coord>99.9712789 27.7148637 3903.42</gx:coord>
          <gx:coord>99.9712744 27.7149708 3903.59</gx:coord>
          <gx:coord>99.9712739 27.7150684 3904.0</gx:coord>
          <gx:coord>99.971286 27.7151686 3903.94</gx:coord>
          <gx:coord>99.9713084 27.7152736 3903.88</gx:coord>
          <gx:coord>99.9713145 27.7153805 3903.46</gx:coord>
          <gx:coord>99.971312 27.7154822 3903.35</gx:coord>
          <gx:coord>99.9713394 27.7155765 3904.1</gx:coord>
          <gx:coord>99.9713965 27.715658 3902.83</gx:coord>
          <gx:coord>99.9714636 27.7157368 3901.26</gx:coord>
          <gx:coord>99.9715249 27.7158219 3899.38</gx:coord>
          <gx:coord>99.971577 27.7159075 3898.16</gx:coord>
          <gx:coord>99.9715989 27.7160121 3896.82</gx:coord>
          <gx:coord>99.971648 27.7160971 3895.93</gx:coord>
          <gx:coord>99.97173 27.7161747 3894.49</gx:coord>
          <gx:coord>99.9718319 27.7162356 3892.54</gx:coord>
          <gx:coord>99.9718827 27.7163139 3891.16</gx:coord>
          <gx:coord>99.971895 27.7163853 3890.3</gx:coord>
          <gx:coord>99.9718849 27.716481 3890.58</gx:coord>
          <gx:coord>99.9718806 27.7165806 3893.4</gx:coord>
          <gx:coord>99.9719032 27.7166809 3896.0</gx:coord>
          <gx:coord>99.9719228 27.7167779 3897.06</gx:coord>
          <gx:coord>99.9719527 27.7168698 3898.37</gx:coord>
          <gx:coord>99.9720111 27.7169538 3898.5</gx:coord>
          <gx:coord>99.9720465 27.7170395 3899.47</gx:coord>
          <gx:coord>99.9720754 27.7171355 3900.1</gx:coord>
          <gx:coord>99.9721293 27.7172171 3899.63</gx:coord>
          <gx:coord>99.9721598 27.7173103 3898.13</gx:coord>
          <gx:coord>99.9721992 27.7174002 3896.07</gx:coord>
          <gx:coord>99.9722269 27.7174954 3894.98</gx:coord>
          <gx:coord>99.9722675 27.7175799 3893.56</gx:coord>
          <gx:coord>99.9723482 27.7176498 3891.64</gx:coord>
          <gx:coord>99.9724342 27.71771 3888.69</gx:coord>
          <gx:coord>99.9724875 27.7177895 3887.08</gx:coord>
          <gx:coord>99.9724908 27.7178881 3886.97</gx:coord>
          <gx:coord>99.9724463 27.7179864 3887.54</gx:coord>
          <gx:coord>99.9724298 27.718086 3888.11</gx:coord>
          <gx:coord>99.9723945 27.7181744 3887.55</gx:coord>
          <gx:coord>99.9723591 27.718262 3888.2</gx:coord>
          <gx:coord>99.9723497 27.7183606 3886.71</gx:coord>
          <gx:coord>99.9723575 27.7184662 3884.39</gx:coord>
          <gx:coord>99.9723706 27.7185743 3882.88</gx:coord>
          <gx:coord>99.972326 27.7186556 3880.95</gx:coord>
          <gx:coord>99.9723153 27.718747 3881.18</gx:coord>
          <gx:coord>99.9723096 27.7187688 3880.82</gx:coord>
          <gx:coord>99.9723589 27.7188273 3880.55</gx:coord>
          <gx:coord>99.9724233 27.7189104 3878.38</gx:coord>
          <gx:coord>99.9724421 27.7189569 3875.2</gx:coord>
          <gx:coord>99.9725105 27.719003 3873.2</gx:coord>
          <gx:coord>99.9725677 27.7190739 3870.67</gx:coord>
          <gx:coord>99.9725616 27.7191618 3868.22</gx:coord>
          <gx:coord>99.9725352 27.7192073 3865.66</gx:coord>
          <gx:coord>99.972478 27.7192709 3864.25</gx:coord>
          <gx:coord>99.9723934 27.7193273 3863.89</gx:coord>
          <gx:coord>99.9723277 27.7194007 3863.59</gx:coord>
          <gx:coord>99.9722597 27.7194776 3861.06</gx:coord>
          <gx:coord>99.9721746 27.719546 3860.46</gx:coord>
          <gx:coord>99.9721295 27.7196395 3859.85</gx:coord>
          <gx:coord>99.9721611 27.719733 3857.84</gx:coord>
          <gx:coord>99.972161 27.7198349 3855.8</gx:coord>
          <gx:coord>99.9721111 27.7199246 3855.11</gx:coord>
          <gx:coord>99.9720668 27.7200136 3854.82</gx:coord>
          <gx:coord>99.9720073 27.7201031 3853.87</gx:coord>
          <gx:coord>99.9719541 27.7201919 3852.81</gx:coord>
          <gx:coord>99.9719112 27.720289 3851.7</gx:coord>
          <gx:coord>99.9718665 27.7203771 3850.4</gx:coord>
          <gx:coord>99.9718384 27.7204712 3848.79</gx:coord>
          <gx:coord>99.9718283 27.720568 3846.41</gx:coord>
          <gx:coord>99.9718147 27.7206596 3841.9</gx:coord>
          <gx:coord>99.9718087 27.7207568 3838.05</gx:coord>
          <gx:coord>99.9718147 27.720866 3835.04</gx:coord>
          <gx:coord>99.9718065 27.7209703 3831.78</gx:coord>
          <gx:coord>99.9717836 27.7210695 3828.67</gx:coord>
          <gx:coord>99.971731 27.7211522 3826.54</gx:coord>
          <gx:coord>99.9716643 27.7212313 3825.93</gx:coord>
          <gx:coord>99.9716064 27.7212887 3825.9</gx:coord>
          <gx:coord>99.9715387 27.7213549 3825.39</gx:coord>
          <gx:coord>99.9714971 27.7214354 3824.71</gx:coord>
          <gx:coord>99.9714836 27.7215265 3823.13</gx:coord>
          <gx:coord>99.9714789 27.721626 3821.2</gx:coord>
          <gx:coord>99.9714847 27.7217206 3817.8</gx:coord>
          <gx:coord>99.9714693 27.7218134 3813.25</gx:coord>
          <gx:coord>99.971375 27.7218578 3809.55</gx:coord>
          <gx:coord>99.9712706 27.7218963 3807.81</gx:coord>
          <gx:coord>99.9711633 27.7219231 3806.36</gx:coord>
          <gx:coord>99.9711248 27.7220074 3803.85</gx:coord>
          <gx:coord>99.9711583 27.7221061 3800.19</gx:coord>
          <gx:coord>99.971129 27.7221896 3797.14</gx:coord>
          <gx:coord>99.9711528 27.7222773 3795.99</gx:coord>
          <gx:coord>99.9711333 27.7223656 3793.2</gx:coord>
          <gx:coord>99.9710927 27.7224524 3790.93</gx:coord>
          <gx:coord>99.9710111 27.7225185 3787.63</gx:coord>
          <gx:coord>99.9708955 27.7225483 3785.53</gx:coord>
          <gx:coord>99.9707815 27.7225443 3784.12</gx:coord>
          <gx:coord>99.9706662 27.7225512 3782.33</gx:coord>
          <gx:coord>99.9705499 27.7225626 3780.79</gx:coord>
          <gx:coord>99.9704327 27.7225804 3779.72</gx:coord>
          <gx:coord>99.9703627 27.7226552 3777.7</gx:coord>
          <gx:coord>99.9703373 27.7227571 3774.82</gx:coord>
          <gx:coord>99.9702913 27.7228433 3771.92</gx:coord>
          <gx:coord>99.9702393 27.7229306 3769.89</gx:coord>
          <gx:coord>99.9701662 27.7230133 3767.94</gx:coord>
          <gx:coord>99.9700843 27.7230965 3766.69</gx:coord>
          <gx:coord>99.9699963 27.7231704 3765.49</gx:coord>
          <gx:coord>99.9699203 27.7232406 3764.54</gx:coord>
          <gx:coord>99.969833 27.7233108 3763.44</gx:coord>
          <gx:coord>99.9697442 27.7233794 3762.61</gx:coord>
          <gx:coord>99.9696635 27.7234621 3762.14</gx:coord>
          <gx:coord>99.96957 27.7235353 3761.81</gx:coord>
          <gx:coord>99.9695015 27.7236151 3761.92</gx:coord>
          <gx:coord>99.9694593 27.7237054 3761.92</gx:coord>
          <gx:coord>99.9694258 27.7237998 3760.7</gx:coord>
          <gx:coord>99.9693781 27.723881 3759.86</gx:coord>
          <gx:coord>99.9693168 27.7239662 3760.02</gx:coord>
          <gx:coord>99.9692738 27.7240522 3760.92</gx:coord>
          <gx:coord>99.9692365 27.7241423 3760.85</gx:coord>
          <gx:coord>99.9692495 27.7242343 3760.55</gx:coord>
          <gx:coord>99.9692448 27.7243364 3759.12</gx:coord>
          <gx:coord>99.9692606 27.7244421 3758.33</gx:coord>
          <gx:coord>99.9693016 27.724545 3757.48</gx:coord>
          <gx:coord>99.9693144 27.7246449 3756.3</gx:coord>
          <gx:coord>99.9693097 27.7247505 3755.75</gx:coord>
          <gx:coord>99.9692998 27.7248482 3755.42</gx:coord>
          <gx:coord>99.969287 27.724948 3754.17</gx:coord>
          <gx:coord>99.9692744 27.7250427 3753.63</gx:coord>
          <gx:coord>99.9692612 27.7251476 3752.1</gx:coord>
          <gx:coord>99.9692502 27.7252481 3751.04</gx:coord>
          <gx:coord>99.9692413 27.725348 3750.48</gx:coord>
          <gx:coord>99.9692643 27.7254472 3749.35</gx:coord>
          <gx:coord>99.969302 27.7255475 3748.16</gx:coord>
          <gx:coord>99.9692964 27.7256422 3746.22</gx:coord>
          <gx:coord>99.9692794 27.7257356 3745.38</gx:coord>
          <gx:coord>99.9692749 27.725836 3744.65</gx:coord>
          <gx:coord>99.9692694 27.7259114 3744.19</gx:coord>
          <gx:coord>99.9692478 27.7259962 3744.01</gx:coord>
          <gx:coord>99.9692361 27.7260905 3744.59</gx:coord>
          <gx:coord>99.9692339 27.726191 3744.96</gx:coord>
          <gx:coord>99.9692066 27.7262897 3744.21</gx:coord>
          <gx:coord>99.969189 27.7263932 3743.22</gx:coord>
          <gx:coord>99.9691733 27.7264919 3740.88</gx:coord>
          <gx:coord>99.9691549 27.7265941 3738.29</gx:coord>
          <gx:coord>99.9691505 27.7266945 3735.85</gx:coord>
          <gx:coord>99.9691749 27.7267839 3733.09</gx:coord>
          <gx:coord>99.9691814 27.7268812 3730.17</gx:coord>
          <gx:coord>99.9691561 27.7269775 3728.93</gx:coord>
          <gx:coord>99.9691067 27.7270641 3728.64</gx:coord>
          <gx:coord>99.9690639 27.7271508 3729.08</gx:coord>
          <gx:coord>99.9690763 27.7272364 3729.19</gx:coord>
          <gx:coord>99.9690731 27.7273256 3727.56</gx:coord>
          <gx:coord>99.9690881 27.7274277 3726.89</gx:coord>
          <gx:coord>99.9690454 27.7275196 3725.95</gx:coord>
          <gx:coord>99.968976 27.7275854 3725.18</gx:coord>
          <gx:coord>99.9689503 27.7276725 3725.12</gx:coord>
          <gx:coord>99.9689569 27.7277722 3723.93</gx:coord>
          <gx:coord>99.9689648 27.7278709 3722.69</gx:coord>
          <gx:coord>99.9689286 27.7279639 3720.35</gx:coord>
          <gx:coord>99.9688908 27.7280579 3719.17</gx:coord>
          <gx:coord>99.9688355 27.7281419 3717.45</gx:coord>
          <gx:coord>99.9687752 27.7282208 3716.85</gx:coord>
          <gx:coord>99.9687098 27.728306 3716.86</gx:coord>
          <gx:coord>99.9686635 27.7284038 3717.62</gx:coord>
          <gx:coord>99.9686307 27.7285077 3717.73</gx:coord>
          <gx:coord>99.9686021 27.7286139 3718.27</gx:coord>
          <gx:coord>99.968565 27.7287085 3718.86</gx:coord>
          <gx:coord>99.9685051 27.7287907 3718.42</gx:coord>
          <gx:coord>99.9684487 27.7288705 3718.55</gx:coord>
          <gx:coord>99.9683977 27.7289504 3718.63</gx:coord>
          <gx:coord>99.9683482 27.7290332 3719.02</gx:coord>
          <gx:coord>99.9683011 27.7291181 3719.59</gx:coord>
          <gx:coord>99.9682589 27.7292102 3719.78</gx:coord>
          <gx:coord>99.9682276 27.7293095 3719.07</gx:coord>
          <gx:coord>99.9681859 27.7294076 3717.97</gx:coord>
          <gx:coord>99.9681537 27.7294987 3717.77</gx:coord>
          <gx:coord>99.9681221 27.729597 3716.94</gx:coord>
          <gx:coord>99.9681066 27.7296914 3716.62</gx:coord>
          <gx:coord>99.9680886 27.7297941 3715.56</gx:coord>
          <gx:coord>99.9680642 27.7299002 3715.01</gx:coord>
          <gx:coord>99.9680758 27.7299942 3714.51</gx:coord>
          <gx:coord>99.9680697 27.7300952 3711.96</gx:coord>
          <gx:coord>99.9680855 27.7301955 3711.27</gx:coord>
          <gx:coord>99.9680958 27.7303009 3710.6</gx:coord>
          <gx:coord>99.9681135 27.7304013 3710.29</gx:coord>
          <gx:coord>99.9680952 27.7304908 3709.19</gx:coord>
          <gx:coord>99.968069 27.7305889 3709.06</gx:coord>
          <gx:coord>99.9680329 27.7306838 3707.25</gx:coord>
          <gx:coord>99.9680169 27.7307788 3706.43</gx:coord>
          <gx:coord>99.9680102 27.7308787 3706.41</gx:coord>
          <gx:coord>99.9680089 27.7309719 3706.26</gx:coord>
          <gx:coord>99.9680177 27.7310675 3705.26</gx:coord>
          <gx:coord>99.9680337 27.7311588 3704.71</gx:coord>
          <gx:coord>99.9680564 27.7312503 3703.55</gx:coord>
          <gx:coord>99.968099 27.7313355 3702.76</gx:coord>
          <gx:coord>99.9681493 27.7314247 3702.15</gx:coord>
          <gx:coord>99.9681996 27.7315079 3700.72</gx:coord>
          <gx:coord>99.9682548 27.7315986 3698.81</gx:coord>
          <gx:coord>99.9682823 27.7316911 3697.58</gx:coord>
          <gx:coord>99.9682514 27.7317788 3697.25</gx:coord>
          <gx:coord>99.9681986 27.7318664 3698.23</gx:coord>
          <gx:coord>99.968153 27.7319603 3699.09</gx:coord>
          <gx:coord>99.9681328 27.7320621 3700.24</gx:coord>
          <gx:coord>99.9681289 27.7321633 3701.21</gx:coord>
          <gx:coord>99.9681201 27.7322603 3701.35</gx:coord>
          <gx:coord>99.9681048 27.7323528 3701.63</gx:coord>
          <gx:coord>99.9680635 27.7324493 3702.18</gx:coord>
          <gx:coord>99.9680262 27.7325448 3702.88</gx:coord>
          <gx:coord>99.9679851 27.7326437 3703.05</gx:coord>
          <gx:coord>99.9680064 27.7327319 3703.29</gx:coord>
          <gx:coord>99.9680681 27.7328142 3702.34</gx:coord>
          <gx:coord>99.9680846 27.7329085 3700.43</gx:coord>
          <gx:coord>99.9680186 27.7329846 3699.52</gx:coord>
          <gx:coord>99.9679318 27.73305 3699.78</gx:coord>
          <gx:coord>99.9678638 27.7331344 3700.37</gx:coord>
          <gx:coord>99.9678283 27.7332243 3700.27</gx:coord>
          <gx:coord>99.9678453 27.7333174 3699.68</gx:coord>
          <gx:coord>99.9678718 27.7334114 3698.07</gx:coord>
          <gx:coord>99.9679328 27.7334947 3696.45</gx:coord>
          <gx:coord>99.9680172 27.733573 3694.65</gx:coord>
          <gx:coord>99.9681086 27.7335451 3693.51</gx:coord>
          <gx:coord>99.9681583 27.733534 3693.04</gx:coord>
          <gx:coord>99.9681118 27.7335877 3692.98</gx:coord>
          <gx:coord>99.9681118 27.7335877 3692.98</gx:coord>
          <when>2026-04-03T23:34:52Z</when>
          <when>2026-04-03T23:35:10Z</when>
          <when>2026-04-03T23:35:22Z</when>
          <when>2026-04-03T23:35:40Z</when>
          <when>2026-04-03T23:35:50Z</when>
          <when>2026-04-03T23:36:00Z</when>
          <when>2026-04-03T23:36:34Z</when>
          <when>2026-04-03T23:36:44Z</when>
          <when>2026-04-03T23:36:54Z</when>
          <when>2026-04-03T23:37:08Z</when>
          <when>2026-04-03T23:37:14Z</when>
          <when>2026-04-03T23:38:04Z</when>
          <when>2026-04-03T23:38:14Z</when>
          <when>2026-04-03T23:38:26Z</when>
          <when>2026-04-03T23:38:46Z</when>
          <when>2026-04-03T23:39:38Z</when>
          <when>2026-04-03T23:39:48Z</when>
          <when>2026-04-03T23:39:58Z</when>
          <when>2026-04-03T23:40:06Z</when>
          <when>2026-04-03T23:40:14Z</when>
          <when>2026-04-03T23:40:20Z</when>
          <when>2026-04-03T23:40:38Z</when>
          <when>2026-04-03T23:40:44Z</when>
          <when>2026-04-03T23:41:06Z</when>
          <when>2026-04-03T23:41:14Z</when>
          <when>2026-04-03T23:41:22Z</when>
          <when>2026-04-03T23:41:32Z</when>
          <when>2026-04-03T23:41:40Z</when>
          <when>2026-04-03T23:41:48Z</when>
          <when>2026-04-03T23:41:58Z</when>
          <when>2026-04-03T23:42:08Z</when>
          <when>2026-04-03T23:42:18Z</when>
          <when>2026-04-03T23:42:28Z</when>
          <when>2026-04-03T23:42:36Z</when>
          <when>2026-04-03T23:42:44Z</when>
          <when>2026-04-03T23:42:54Z</when>
          <when>2026-04-03T23:43:04Z</when>
          <when>2026-04-03T23:43:28Z</when>
          <when>2026-04-03T23:43:38Z</when>
          <when>2026-04-03T23:43:48Z</when>
          <when>2026-04-03T23:43:58Z</when>
          <when>2026-04-03T23:44:06Z</when>
          <when>2026-04-03T23:44:16Z</when>
          <when>2026-04-03T23:44:26Z</when>
          <when>2026-04-03T23:44:34Z</when>
          <when>2026-04-03T23:44:42Z</when>
          <when>2026-04-03T23:44:50Z</when>
          <when>2026-04-03T23:44:58Z</when>
          <when>2026-04-03T23:45:06Z</when>
          <when>2026-04-03T23:45:16Z</when>
          <when>2026-04-03T23:45:26Z</when>
          <when>2026-04-03T23:45:34Z</when>
          <when>2026-04-03T23:45:42Z</when>
          <when>2026-04-03T23:46:04Z</when>
          <when>2026-04-03T23:46:14Z</when>
          <when>2026-04-03T23:46:22Z</when>
          <when>2026-04-03T23:46:30Z</when>
          <when>2026-04-03T23:46:36Z</when>
          <when>2026-04-03T23:46:44Z</when>
          <when>2026-04-03T23:46:52Z</when>
          <when>2026-04-03T23:47:00Z</when>
          <when>2026-04-03T23:47:08Z</when>
          <when>2026-04-03T23:47:16Z</when>
          <when>2026-04-03T23:47:24Z</when>
          <when>2026-04-03T23:47:32Z</when>
          <when>2026-04-03T23:47:40Z</when>
          <when>2026-04-03T23:47:48Z</when>
          <when>2026-04-03T23:47:56Z</when>
          <when>2026-04-03T23:48:04Z</when>
          <when>2026-04-03T23:48:12Z</when>
          <when>2026-04-03T23:48:20Z</when>
          <when>2026-04-03T23:48:28Z</when>
          <when>2026-04-03T23:48:36Z</when>
          <when>2026-04-03T23:48:44Z</when>
          <when>2026-04-03T23:48:52Z</when>
          <when>2026-04-03T23:49:02Z</when>
          <when>2026-04-03T23:49:12Z</when>
          <when>2026-04-03T23:49:22Z</when>
          <when>2026-04-03T23:49:30Z</when>
          <when>2026-04-03T23:49:44Z</when>
          <when>2026-04-03T23:49:54Z</when>
          <when>2026-04-03T23:50:04Z</when>
          <when>2026-04-03T23:50:14Z</when>
          <when>2026-04-03T23:50:24Z</when>
          <when>2026-04-03T23:50:34Z</when>
          <when>2026-04-03T23:50:44Z</when>
          <when>2026-04-03T23:50:56Z</when>
          <when>2026-04-03T23:51:06Z</when>
          <when>2026-04-03T23:51:28Z</when>
          <when>2026-04-03T23:51:40Z</when>
          <when>2026-04-03T23:51:54Z</when>
          <when>2026-04-03T23:52:12Z</when>
          <when>2026-04-03T23:52:28Z</when>
          <when>2026-04-03T23:52:42Z</when>
          <when>2026-04-03T23:52:54Z</when>
          <when>2026-04-03T23:53:04Z</when>
          <when>2026-04-03T23:53:16Z</when>
          <when>2026-04-03T23:53:26Z</when>
          <when>2026-04-03T23:53:36Z</when>
          <when>2026-04-03T23:53:46Z</when>
          <when>2026-04-03T23:53:56Z</when>
          <when>2026-04-03T23:54:10Z</when>
          <when>2026-04-03T23:54:20Z</when>
          <when>2026-04-03T23:54:30Z</when>
          <when>2026-04-03T23:54:40Z</when>
          <when>2026-04-03T23:54:52Z</when>
          <when>2026-04-03T23:55:02Z</when>
          <when>2026-04-03T23:55:12Z</when>
          <when>2026-04-03T23:55:22Z</when>
          <when>2026-04-03T23:55:32Z</when>
          <when>2026-04-03T23:55:42Z</when>
          <when>2026-04-03T23:55:52Z</when>
          <when>2026-04-03T23:56:02Z</when>
          <when>2026-04-03T23:56:14Z</when>
          <when>2026-04-03T23:56:24Z</when>
          <when>2026-04-03T23:56:34Z</when>
          <when>2026-04-03T23:56:44Z</when>
          <when>2026-04-03T23:56:56Z</when>
          <when>2026-04-03T23:57:04Z</when>
          <when>2026-04-03T23:57:14Z</when>
          <when>2026-04-03T23:57:24Z</when>
          <when>2026-04-03T23:57:34Z</when>
          <when>2026-04-03T23:57:42Z</when>
          <when>2026-04-03T23:57:52Z</when>
          <when>2026-04-03T23:58:02Z</when>
          <when>2026-04-03T23:58:14Z</when>
          <when>2026-04-03T23:58:38Z</when>
          <when>2026-04-03T23:58:50Z</when>
          <when>2026-04-03T23:59:02Z</when>
          <when>2026-04-03T23:59:14Z</when>
          <when>2026-04-03T23:59:26Z</when>
          <when>2026-04-03T23:59:42Z</when>
          <when>2026-04-04T00:00:04Z</when>
          <when>2026-04-04T00:00:24Z</when>
          <when>2026-04-04T00:01:08Z</when>
          <when>2026-04-04T00:01:32Z</when>
          <when>2026-04-04T00:02:08Z</when>
          <when>2026-04-04T00:02:36Z</when>
          <when>2026-04-04T00:02:52Z</when>
          <when>2026-04-04T00:03:14Z</when>
          <when>2026-04-04T00:03:30Z</when>
          <when>2026-04-04T00:03:46Z</when>
          <when>2026-04-04T00:03:58Z</when>
          <when>2026-04-04T00:04:10Z</when>
          <when>2026-04-04T00:04:48Z</when>
          <when>2026-04-04T00:05:02Z</when>
          <when>2026-04-04T00:05:16Z</when>
          <when>2026-04-04T00:05:46Z</when>
          <when>2026-04-04T00:06:20Z</when>
          <when>2026-04-04T00:06:34Z</when>
          <when>2026-04-04T00:06:46Z</when>
          <when>2026-04-04T00:07:00Z</when>
          <when>2026-04-04T00:07:18Z</when>
          <when>2026-04-04T00:07:42Z</when>
          <when>2026-04-04T00:07:56Z</when>
          <when>2026-04-04T00:08:12Z</when>
          <when>2026-04-04T00:08:26Z</when>
          <when>2026-04-04T00:08:40Z</when>
          <when>2026-04-04T00:09:48Z</when>
          <when>2026-04-04T00:10:04Z</when>
          <when>2026-04-04T00:10:16Z</when>
          <when>2026-04-04T00:10:32Z</when>
          <when>2026-04-04T00:10:48Z</when>
          <when>2026-04-04T00:11:08Z</when>
          <when>2026-04-04T00:11:22Z</when>
          <when>2026-04-04T00:11:36Z</when>
          <when>2026-04-04T00:11:48Z</when>
          <when>2026-04-04T00:12:00Z</when>
          <when>2026-04-04T00:12:22Z</when>
          <when>2026-04-04T00:12:58Z</when>
          <when>2026-04-04T00:13:12Z</when>
          <when>2026-04-04T00:13:24Z</when>
          <when>2026-04-04T00:13:38Z</when>
          <when>2026-04-04T00:13:52Z</when>
          <when>2026-04-04T00:14:06Z</when>
          <when>2026-04-04T00:14:44Z</when>
          <when>2026-04-04T00:15:12Z</when>
          <when>2026-04-04T00:15:26Z</when>
          <when>2026-04-04T00:15:38Z</when>
          <when>2026-04-04T00:15:52Z</when>
          <when>2026-04-04T00:16:06Z</when>
          <when>2026-04-04T00:16:20Z</when>
          <when>2026-04-04T00:16:36Z</when>
          <when>2026-04-04T00:16:50Z</when>
          <when>2026-04-04T00:17:04Z</when>
          <when>2026-04-04T00:17:20Z</when>
          <when>2026-04-04T00:17:52Z</when>
          <when>2026-04-04T00:18:26Z</when>
          <when>2026-04-04T00:18:46Z</when>
          <when>2026-04-04T00:19:08Z</when>
          <when>2026-04-04T00:19:52Z</when>
          <when>2026-04-04T00:20:18Z</when>
          <when>2026-04-04T00:23:06Z</when>
          <when>2026-04-04T00:23:18Z</when>
          <when>2026-04-04T00:23:28Z</when>
          <when>2026-04-04T00:23:40Z</when>
          <when>2026-04-04T00:23:56Z</when>
          <when>2026-04-04T00:24:32Z</when>
          <when>2026-04-04T00:24:46Z</when>
          <when>2026-04-04T00:25:00Z</when>
          <when>2026-04-04T00:25:18Z</when>
          <when>2026-04-04T00:25:32Z</when>
          <when>2026-04-04T00:25:44Z</when>
          <when>2026-04-04T00:25:56Z</when>
          <when>2026-04-04T00:26:06Z</when>
          <when>2026-04-04T00:27:06Z</when>
          <when>2026-04-04T00:27:16Z</when>
          <when>2026-04-04T00:27:24Z</when>
          <when>2026-04-04T00:27:32Z</when>
          <when>2026-04-04T00:27:40Z</when>
          <when>2026-04-04T00:27:48Z</when>
          <when>2026-04-04T00:27:58Z</when>
          <when>2026-04-04T00:28:08Z</when>
          <when>2026-04-04T00:28:20Z</when>
          <when>2026-04-04T00:28:40Z</when>
          <when>2026-04-04T00:28:48Z</when>
          <when>2026-04-04T00:28:56Z</when>
          <when>2026-04-04T00:29:04Z</when>
          <when>2026-04-04T00:29:12Z</when>
          <when>2026-04-04T00:29:22Z</when>
          <when>2026-04-04T00:29:32Z</when>
          <when>2026-04-04T00:29:38Z</when>
          <when>2026-04-04T00:29:52Z</when>
          <when>2026-04-04T00:30:02Z</when>
          <when>2026-04-04T00:30:10Z</when>
          <when>2026-04-04T00:30:20Z</when>
          <when>2026-04-04T00:30:38Z</when>
          <when>2026-04-04T00:30:46Z</when>
          <when>2026-04-04T00:30:54Z</when>
          <when>2026-04-04T00:31:02Z</when>
          <when>2026-04-04T00:31:10Z</when>
          <when>2026-04-04T00:31:20Z</when>
          <when>2026-04-04T00:31:28Z</when>
          <when>2026-04-04T00:31:38Z</when>
          <when>2026-04-04T00:31:48Z</when>
          <when>2026-04-04T00:31:58Z</when>
          <when>2026-04-04T00:32:08Z</when>
          <when>2026-04-04T00:32:18Z</when>
          <when>2026-04-04T00:32:26Z</when>
          <when>2026-04-04T00:32:36Z</when>
          <when>2026-04-04T00:32:46Z</when>
          <when>2026-04-04T00:32:54Z</when>
          <when>2026-04-04T00:33:02Z</when>
          <when>2026-04-04T00:33:10Z</when>
          <when>2026-04-04T00:33:18Z</when>
          <when>2026-04-04T00:33:26Z</when>
          <when>2026-04-04T00:33:38Z</when>
          <when>2026-04-04T00:33:48Z</when>
          <when>2026-04-04T00:33:58Z</when>
          <when>2026-04-04T00:34:08Z</when>
          <when>2026-04-04T00:34:16Z</when>
          <when>2026-04-04T00:34:24Z</when>
          <when>2026-04-04T00:34:34Z</when>
          <when>2026-04-04T00:34:42Z</when>
          <when>2026-04-04T00:34:54Z</when>
          <when>2026-04-04T00:35:06Z</when>
          <when>2026-04-04T00:35:18Z</when>
          <when>2026-04-04T00:35:32Z</when>
          <when>2026-04-04T00:35:42Z</when>
          <when>2026-04-04T00:35:52Z</when>
          <when>2026-04-04T00:36:00Z</when>
          <when>2026-04-04T00:36:10Z</when>
          <when>2026-04-04T00:36:20Z</when>
          <when>2026-04-04T00:36:32Z</when>
          <when>2026-04-04T00:36:42Z</when>
          <when>2026-04-04T00:36:52Z</when>
          <when>2026-04-04T00:36:58Z</when>
          <when>2026-04-04T00:37:12Z</when>
          <when>2026-04-04T00:37:20Z</when>
          <when>2026-04-04T00:37:34Z</when>
          <when>2026-04-04T00:37:50Z</when>
          <when>2026-04-04T00:38:00Z</when>
          <when>2026-04-04T00:38:10Z</when>
          <when>2026-04-04T00:38:18Z</when>
          <when>2026-04-04T00:38:26Z</when>
          <when>2026-04-04T00:39:06Z</when>
          <when>2026-04-04T00:39:16Z</when>
          <when>2026-04-04T00:39:26Z</when>
          <when>2026-04-04T00:39:36Z</when>
          <when>2026-04-04T00:39:46Z</when>
          <when>2026-04-04T00:39:54Z</when>
          <when>2026-04-04T00:40:02Z</when>
          <when>2026-04-04T00:40:10Z</when>
          <when>2026-04-04T00:40:20Z</when>
          <when>2026-04-04T00:40:30Z</when>
          <when>2026-04-04T00:40:38Z</when>
          <when>2026-04-04T00:40:46Z</when>
          <when>2026-04-04T00:40:50Z</when>
          <when>2026-04-04T00:40:58Z</when>
          <when>2026-04-04T00:41:10Z</when>
          <when>2026-04-04T00:41:20Z</when>
          <when>2026-04-04T00:41:30Z</when>
          <when>2026-04-04T00:41:40Z</when>
          <when>2026-04-04T00:41:50Z</when>
          <when>2026-04-04T00:41:58Z</when>
          <when>2026-04-04T00:42:06Z</when>
          <when>2026-04-04T00:42:20Z</when>
          <when>2026-04-04T00:42:28Z</when>
          <when>2026-04-04T00:42:42Z</when>
          <when>2026-04-04T00:43:04Z</when>
          <when>2026-04-04T00:43:14Z</when>
          <when>2026-04-04T00:43:20Z</when>
          <when>2026-04-04T00:43:40Z</when>
          <when>2026-04-04T00:43:52Z</when>
          <when>2026-04-04T00:44:04Z</when>
          <when>2026-04-04T00:44:30Z</when>
          <when>2026-04-04T00:44:40Z</when>
          <when>2026-04-04T00:44:50Z</when>
          <when>2026-04-04T00:45:02Z</when>
          <when>2026-04-04T00:45:14Z</when>
          <when>2026-04-04T00:45:26Z</when>
          <when>2026-04-04T00:45:38Z</when>
          <when>2026-04-04T00:45:48Z</when>
          <when>2026-04-04T00:45:58Z</when>
          <when>2026-04-04T00:46:08Z</when>
          <when>2026-04-04T00:46:18Z</when>
          <when>2026-04-04T00:46:28Z</when>
          <when>2026-04-04T00:46:38Z</when>
          <when>2026-04-04T00:46:48Z</when>
          <when>2026-04-04T00:46:58Z</when>
          <when>2026-04-04T00:47:08Z</when>
          <when>2026-04-04T00:47:18Z</when>
          <when>2026-04-04T00:47:28Z</when>
          <when>2026-04-04T00:47:38Z</when>
          <when>2026-04-04T00:47:48Z</when>
          <when>2026-04-04T00:47:58Z</when>
          <when>2026-04-04T00:48:08Z</when>
          <when>2026-04-04T00:48:12Z</when>
          <when>2026-04-04T00:48:22Z</when>
          <when>2026-04-04T00:48:32Z</when>
          <when>2026-04-04T00:48:42Z</when>
          <when>2026-04-04T00:48:52Z</when>
          <when>2026-04-04T00:49:00Z</when>
          <when>2026-04-04T00:49:10Z</when>
          <when>2026-04-04T00:49:20Z</when>
          <when>2026-04-04T00:49:28Z</when>
          <when>2026-04-04T00:49:38Z</when>
          <when>2026-04-04T00:49:48Z</when>
          <when>2026-04-04T00:49:58Z</when>
          <when>2026-04-04T00:50:12Z</when>
          <when>2026-04-04T00:50:20Z</when>
          <when>2026-04-04T00:50:28Z</when>
          <when>2026-04-04T00:50:38Z</when>
          <when>2026-04-04T00:50:46Z</when>
          <when>2026-04-04T00:50:54Z</when>
          <when>2026-04-04T00:51:02Z</when>
          <when>2026-04-04T00:51:08Z</when>
          <when>2026-04-04T00:52:08Z</when>
          <when>2026-04-04T00:52:14Z</when>
          <when>2026-04-04T00:52:20Z</when>
          <when>2026-04-04T00:52:26Z</when>
          <when>2026-04-04T00:52:32Z</when>
          <when>2026-04-04T00:52:36Z</when>
          <when>2026-04-04T00:52:40Z</when>
          <when>2026-04-04T00:52:46Z</when>
          <when>2026-04-04T00:52:54Z</when>
          <when>2026-04-04T00:53:02Z</when>
          <when>2026-04-04T00:53:10Z</when>
          <when>2026-04-04T00:53:18Z</when>
          <when>2026-04-04T00:53:26Z</when>
          <when>2026-04-04T00:53:30Z</when>
          <when>2026-04-04T00:53:40Z</when>
          <when>2026-04-04T00:53:46Z</when>
          <when>2026-04-04T00:53:58Z</when>
          <when>2026-04-04T00:54:24Z</when>
          <when>2026-04-04T00:54:34Z</when>
          <when>2026-04-04T00:54:42Z</when>
          <when>2026-04-04T00:54:52Z</when>
          <when>2026-04-04T00:55:04Z</when>
          <when>2026-04-04T00:55:12Z</when>
          <when>2026-04-04T00:55:16Z</when>
          <when>2026-04-04T00:55:56Z</when>
          <when>2026-04-04T00:56:04Z</when>
          <when>2026-04-04T00:56:14Z</when>
          <when>2026-04-04T00:56:20Z</when>
          <when>2026-04-04T00:57:24Z</when>
          <when>2026-04-04T00:57:54Z</when>
          <when>2026-04-04T00:58:02Z</when>
          <when>2026-04-04T00:58:10Z</when>
          <when>2026-04-04T00:58:20Z</when>
          <when>2026-04-04T00:58:30Z</when>
          <when>2026-04-04T00:58:40Z</when>
          <when>2026-04-04T00:58:48Z</when>
          <when>2026-04-04T00:58:58Z</when>
          <when>2026-04-04T00:59:16Z</when>
          <when>2026-04-04T00:59:24Z</when>
          <when>2026-04-04T00:59:34Z</when>
          <when>2026-04-04T00:59:46Z</when>
          <when>2026-04-04T00:59:56Z</when>
          <when>2026-04-04T01:00:06Z</when>
          <when>2026-04-04T01:00:14Z</when>
          <when>2026-04-04T01:00:22Z</when>
          <when>2026-04-04T01:00:32Z</when>
          <when>2026-04-04T01:00:40Z</when>
          <when>2026-04-04T01:00:50Z</when>
          <when>2026-04-04T01:01:00Z</when>
          <when>2026-04-04T01:01:10Z</when>
          <when>2026-04-04T01:01:14Z</when>
          <when>2026-04-04T01:01:50Z</when>
          <when>2026-04-04T01:02:00Z</when>
          <when>2026-04-04T01:02:08Z</when>
          <when>2026-04-04T01:02:16Z</when>
          <when>2026-04-04T01:02:24Z</when>
          <when>2026-04-04T01:02:32Z</when>
          <when>2026-04-04T01:02:40Z</when>
          <when>2026-04-04T01:02:50Z</when>
          <when>2026-04-04T01:02:58Z</when>
          <when>2026-04-04T01:03:06Z</when>
          <when>2026-04-04T01:03:14Z</when>
          <when>2026-04-04T01:03:24Z</when>
          <when>2026-04-04T01:03:34Z</when>
          <when>2026-04-04T01:03:44Z</when>
          <when>2026-04-04T01:03:52Z</when>
          <when>2026-04-04T01:03:54Z</when>
          <when>2026-04-04T01:04:08Z</when>
          <when>2026-04-04T01:04:18Z</when>
          <when>2026-04-04T01:04:28Z</when>
          <when>2026-04-04T01:04:40Z</when>
          <when>2026-04-04T01:04:52Z</when>
          <when>2026-04-04T01:04:56Z</when>
          <when>2026-04-04T01:05:06Z</when>
          <when>2026-04-04T01:05:18Z</when>
          <when>2026-04-04T01:05:28Z</when>
          <when>2026-04-04T01:05:40Z</when>
          <when>2026-04-04T01:05:50Z</when>
          <when>2026-04-04T01:06:00Z</when>
          <when>2026-04-04T01:06:08Z</when>
          <when>2026-04-04T01:06:16Z</when>
          <when>2026-04-04T01:06:26Z</when>
          <when>2026-04-04T01:06:34Z</when>
          <when>2026-04-04T01:06:44Z</when>
          <when>2026-04-04T01:06:54Z</when>
          <when>2026-04-04T01:07:04Z</when>
          <when>2026-04-04T01:07:14Z</when>
          <when>2026-04-04T01:07:24Z</when>
          <when>2026-04-04T01:07:34Z</when>
          <when>2026-04-04T01:07:44Z</when>
          <when>2026-04-04T01:07:52Z</when>
          <when>2026-04-04T01:08:08Z</when>
          <when>2026-04-04T01:08:18Z</when>
          <when>2026-04-04T01:08:26Z</when>
          <when>2026-04-04T01:08:36Z</when>
          <when>2026-04-04T01:08:46Z</when>
          <when>2026-04-04T01:08:56Z</when>
          <when>2026-04-04T01:09:06Z</when>
          <when>2026-04-04T01:09:16Z</when>
          <when>2026-04-04T01:09:26Z</when>
          <when>2026-04-04T01:09:36Z</when>
          <when>2026-04-04T01:09:46Z</when>
          <when>2026-04-04T01:09:54Z</when>
          <when>2026-04-04T01:10:04Z</when>
          <when>2026-04-04T01:10:14Z</when>
          <when>2026-04-04T01:10:24Z</when>
          <when>2026-04-04T01:10:32Z</when>
          <when>2026-04-04T01:10:40Z</when>
          <when>2026-04-04T01:10:48Z</when>
          <when>2026-04-04T01:10:56Z</when>
          <when>2026-04-04T01:11:04Z</when>
          <when>2026-04-04T01:11:14Z</when>
          <when>2026-04-04T01:11:24Z</when>
          <when>2026-04-04T01:11:36Z</when>
          <when>2026-04-04T01:11:46Z</when>
          <when>2026-04-04T01:11:56Z</when>
          <when>2026-04-04T01:12:06Z</when>
          <when>2026-04-04T01:12:16Z</when>
          <when>2026-04-04T01:12:26Z</when>
          <when>2026-04-04T01:12:36Z</when>
          <when>2026-04-04T01:12:46Z</when>
          <when>2026-04-04T01:12:56Z</when>
          <when>2026-04-04T01:13:06Z</when>
          <when>2026-04-04T01:13:16Z</when>
          <when>2026-04-04T01:13:26Z</when>
          <when>2026-04-04T01:13:34Z</when>
          <when>2026-04-04T01:13:42Z</when>
          <when>2026-04-04T01:13:52Z</when>
          <when>2026-04-04T01:14:00Z</when>
          <when>2026-04-04T01:14:10Z</when>
          <when>2026-04-04T01:14:22Z</when>
          <when>2026-04-04T01:14:32Z</when>
          <when>2026-04-04T01:14:42Z</when>
          <when>2026-04-04T01:14:52Z</when>
          <when>2026-04-04T01:15:02Z</when>
          <when>2026-04-04T01:15:10Z</when>
          <when>2026-04-04T01:15:20Z</when>
          <when>2026-04-04T01:15:30Z</when>
          <when>2026-04-04T01:15:40Z</when>
          <when>2026-04-04T01:15:50Z</when>
          <when>2026-04-04T01:15:58Z</when>
          <when>2026-04-04T01:16:06Z</when>
          <when>2026-04-04T01:16:16Z</when>
          <when>2026-04-04T01:16:24Z</when>
          <when>2026-04-04T01:16:32Z</when>
          <when>2026-04-04T01:16:42Z</when>
          <when>2026-04-04T01:16:52Z</when>
          <when>2026-04-04T01:17:02Z</when>
          <when>2026-04-04T01:17:10Z</when>
          <when>2026-04-04T01:17:20Z</when>
          <when>2026-04-04T01:17:30Z</when>
          <when>2026-04-04T01:17:40Z</when>
          <when>2026-04-04T01:17:48Z</when>
          <when>2026-04-04T01:17:54Z</when>
          <when>2026-04-04T01:18:10Z</when>
          <when>2026-04-04T01:18:20Z</when>
          <when>2026-04-04T01:18:30Z</when>
          <when>2026-04-04T01:18:40Z</when>
          <when>2026-04-04T01:18:50Z</when>
          <when>2026-04-04T01:19:00Z</when>
          <when>2026-04-04T01:19:08Z</when>
          <when>2026-04-04T01:19:18Z</when>
          <when>2026-04-04T01:19:26Z</when>
          <when>2026-04-04T01:19:36Z</when>
          <when>2026-04-04T01:19:46Z</when>
          <when>2026-04-04T01:19:56Z</when>
          <when>2026-04-04T01:20:06Z</when>
          <when>2026-04-04T01:20:16Z</when>
          <when>2026-04-04T01:20:28Z</when>
          <when>2026-04-04T01:20:38Z</when>
          <when>2026-04-04T01:20:46Z</when>
          <when>2026-04-04T01:20:56Z</when>
          <when>2026-04-04T01:21:06Z</when>
          <when>2026-04-04T01:21:16Z</when>
          <when>2026-04-04T01:21:26Z</when>
          <when>2026-04-04T01:21:38Z</when>
          <when>2026-04-04T01:21:48Z</when>
          <when>2026-04-04T01:21:58Z</when>
          <when>2026-04-04T01:22:08Z</when>
          <when>2026-04-04T01:22:18Z</when>
          <when>2026-04-04T01:22:28Z</when>
          <when>2026-04-04T01:22:38Z</when>
          <when>2026-04-04T01:22:46Z</when>
          <when>2026-04-04T01:22:56Z</when>
          <when>2026-04-04T01:23:06Z</when>
          <when>2026-04-04T01:23:16Z</when>
          <when>2026-04-04T01:23:40Z</when>
          <when>2026-04-04T01:23:48Z</when>
          <when>2026-04-04T01:23:56Z</when>
          <when>2026-04-04T01:24:06Z</when>
          <when>2026-04-04T01:24:16Z</when>
          <when>2026-04-04T01:24:26Z</when>
          <when>2026-04-04T01:24:36Z</when>
          <when>2026-04-04T01:24:42Z</when>
          <when>2026-04-04T01:24:52Z</when>
          <when>2026-04-04T01:25:00Z</when>
          <when>2026-04-04T01:25:08Z</when>
          <when>2026-04-04T01:25:18Z</when>
          <when>2026-04-04T01:25:28Z</when>
          <when>2026-04-04T01:25:32Z</when>
          <when>2026-04-04T01:25:58Z</when>
          <when>2026-04-04T01:26:08Z</when>
          <when>2026-04-04T01:26:14Z</when>
          <when>2026-04-04T01:27:00Z</when>
          <when>2026-04-04T01:27:10Z</when>
          <when>2026-04-04T01:27:20Z</when>
          <when>2026-04-04T01:27:30Z</when>
          <when>2026-04-04T01:27:40Z</when>
          <when>2026-04-04T01:27:50Z</when>
          <when>2026-04-04T01:28:00Z</when>
          <when>2026-04-04T01:28:08Z</when>
          <when>2026-04-04T01:28:26Z</when>
          <when>2026-04-04T01:28:36Z</when>
          <when>2026-04-04T01:28:48Z</when>
          <when>2026-04-04T01:29:00Z</when>
          <when>2026-04-04T01:29:54Z</when>
          <when>2026-04-04T01:30:02Z</when>
          <when>2026-04-04T01:30:38Z</when>
          <when>2026-04-04T01:30:52Z</when>
          <when>2026-04-04T01:31:06Z</when>
          <when>2026-04-04T01:31:18Z</when>
          <when>2026-04-04T01:31:32Z</when>
          <when>2026-04-04T01:31:44Z</when>
          <when>2026-04-04T01:32:14Z</when>
          <when>2026-04-04T01:32:48Z</when>
          <when>2026-04-04T01:32:58Z</when>
          <when>2026-04-04T01:33:08Z</when>
          <when>2026-04-04T01:33:16Z</when>
          <when>2026-04-04T01:33:26Z</when>
          <when>2026-04-04T01:33:36Z</when>
          <when>2026-04-04T01:33:48Z</when>
          <when>2026-04-04T01:34:00Z</when>
          <when>2026-04-04T01:34:10Z</when>
          <when>2026-04-04T01:34:20Z</when>
          <when>2026-04-04T01:34:30Z</when>
          <when>2026-04-04T01:34:40Z</when>
          <when>2026-04-04T01:34:56Z</when>
          <when>2026-04-04T01:35:06Z</when>
          <when>2026-04-04T01:35:14Z</when>
          <when>2026-04-04T01:35:24Z</when>
          <when>2026-04-04T01:35:34Z</when>
          <when>2026-04-04T01:35:44Z</when>
          <when>2026-04-04T01:35:54Z</when>
          <when>2026-04-04T01:36:04Z</when>
          <when>2026-04-04T01:36:14Z</when>
          <when>2026-04-04T01:36:24Z</when>
          <when>2026-04-04T01:36:34Z</when>
          <when>2026-04-04T01:36:44Z</when>
          <when>2026-04-04T01:36:54Z</when>
          <when>2026-04-04T01:37:30Z</when>
          <when>2026-04-04T01:37:40Z</when>
          <when>2026-04-04T01:37:54Z</when>
          <when>2026-04-04T01:38:08Z</when>
          <when>2026-04-04T01:38:22Z</when>
          <when>2026-04-04T01:38:36Z</when>
          <when>2026-04-04T01:39:10Z</when>
          <when>2026-04-04T01:39:22Z</when>
          <when>2026-04-04T01:39:34Z</when>
          <when>2026-04-04T01:39:48Z</when>
          <when>2026-04-04T01:40:28Z</when>
          <when>2026-04-04T01:40:42Z</when>
          <when>2026-04-04T01:41:18Z</when>
          <when>2026-04-04T01:41:24Z</when>
          <when>2026-04-04T01:42:08Z</when>
          <when>2026-04-04T01:42:22Z</when>
          <when>2026-04-04T01:42:34Z</when>
          <when>2026-04-04T01:42:44Z</when>
          <when>2026-04-04T01:43:00Z</when>
          <when>2026-04-04T01:43:16Z</when>
          <when>2026-04-04T01:45:48Z</when>
          <when>2026-04-04T01:45:58Z</when>
          <when>2026-04-04T01:46:12Z</when>
          <when>2026-04-04T01:46:24Z</when>
          <when>2026-04-04T01:46:38Z</when>
          <when>2026-04-04T01:46:50Z</when>
          <when>2026-04-04T01:47:02Z</when>
          <when>2026-04-04T01:47:12Z</when>
          <when>2026-04-04T01:47:22Z</when>
          <when>2026-04-04T01:47:32Z</when>
          <when>2026-04-04T01:47:42Z</when>
          <when>2026-04-04T01:47:52Z</when>
          <when>2026-04-04T01:48:00Z</when>
          <when>2026-04-04T01:48:10Z</when>
          <when>2026-04-04T01:48:20Z</when>
          <when>2026-04-04T01:48:32Z</when>
          <when>2026-04-04T01:48:40Z</when>
          <when>2026-04-04T01:48:50Z</when>
          <when>2026-04-04T01:48:58Z</when>
          <when>2026-04-04T01:49:08Z</when>
          <when>2026-04-04T01:49:18Z</when>
          <when>2026-04-04T01:49:28Z</when>
          <when>2026-04-04T01:49:38Z</when>
          <when>2026-04-04T01:49:48Z</when>
          <when>2026-04-04T01:50:00Z</when>
          <when>2026-04-04T01:50:08Z</when>
          <when>2026-04-04T01:50:18Z</when>
          <when>2026-04-04T01:50:28Z</when>
          <when>2026-04-04T01:50:34Z</when>
          <when>2026-04-04T01:51:00Z</when>
          <when>2026-04-04T01:51:12Z</when>
          <when>2026-04-04T01:51:24Z</when>
          <when>2026-04-04T01:51:34Z</when>
          <when>2026-04-04T01:51:44Z</when>
          <when>2026-04-04T01:51:54Z</when>
          <when>2026-04-04T01:52:02Z</when>
          <when>2026-04-04T01:52:10Z</when>
          <when>2026-04-04T01:52:18Z</when>
          <when>2026-04-04T01:52:26Z</when>
          <when>2026-04-04T01:52:36Z</when>
          <when>2026-04-04T01:52:46Z</when>
          <when>2026-04-04T01:52:56Z</when>
          <when>2026-04-04T01:53:06Z</when>
          <when>2026-04-04T01:53:14Z</when>
          <when>2026-04-04T01:53:24Z</when>
          <when>2026-04-04T01:53:34Z</when>
          <when>2026-04-04T01:53:44Z</when>
          <when>2026-04-04T01:53:54Z</when>
          <when>2026-04-04T01:54:04Z</when>
          <when>2026-04-04T01:54:14Z</when>
          <when>2026-04-04T01:54:24Z</when>
          <when>2026-04-04T01:54:34Z</when>
          <when>2026-04-04T01:54:44Z</when>
          <when>2026-04-04T01:54:54Z</when>
          <when>2026-04-04T01:55:04Z</when>
          <when>2026-04-04T01:55:16Z</when>
          <when>2026-04-04T01:55:26Z</when>
          <when>2026-04-04T01:55:36Z</when>
          <when>2026-04-04T01:56:04Z</when>
          <when>2026-04-04T01:56:22Z</when>
          <when>2026-04-04T01:56:34Z</when>
          <when>2026-04-04T01:56:48Z</when>
          <when>2026-04-04T01:56:58Z</when>
          <when>2026-04-04T01:57:18Z</when>
          <when>2026-04-04T01:57:30Z</when>
          <when>2026-04-04T01:58:08Z</when>
          <when>2026-04-04T01:58:18Z</when>
          <when>2026-04-04T01:58:24Z</when>
          <when>2026-04-04T01:59:18Z</when>
          <when>2026-04-04T01:59:36Z</when>
          <when>2026-04-04T01:59:46Z</when>
          <when>2026-04-04T01:59:58Z</when>
          <when>2026-04-04T02:00:00Z</when>
          <when>2026-04-04T02:00:40Z</when>
          <when>2026-04-04T02:00:44Z</when>
          <when>2026-04-04T02:00:56Z</when>
          <when>2026-04-04T02:01:06Z</when>
          <when>2026-04-04T02:01:18Z</when>
          <when>2026-04-04T02:01:32Z</when>
          <when>2026-04-04T02:01:48Z</when>
          <when>2026-04-04T02:02:04Z</when>
          <when>2026-04-04T02:02:14Z</when>
          <when>2026-04-04T02:02:26Z</when>
          <when>2026-04-04T02:02:50Z</when>
          <when>2026-04-04T02:03:02Z</when>
          <when>2026-04-04T02:03:26Z</when>
          <when>2026-04-04T02:03:42Z</when>
          <when>2026-04-04T02:03:54Z</when>
          <when>2026-04-04T02:04:06Z</when>
          <when>2026-04-04T02:04:16Z</when>
          <when>2026-04-04T02:04:18Z</when>
          <when>2026-04-04T02:04:42Z</when>
          <when>2026-04-04T02:04:52Z</when>
          <when>2026-04-04T02:05:02Z</when>
          <when>2026-04-04T02:05:30Z</when>
          <when>2026-04-04T02:05:44Z</when>
          <when>2026-04-04T02:05:54Z</when>
          <when>2026-04-04T02:06:04Z</when>
          <when>2026-04-04T02:06:28Z</when>
          <when>2026-04-04T02:07:02Z</when>
          <when>2026-04-04T02:07:20Z</when>
          <when>2026-04-04T02:07:30Z</when>
          <when>2026-04-04T02:07:44Z</when>
          <when>2026-04-04T02:07:56Z</when>
          <when>2026-04-04T02:08:08Z</when>
          <when>2026-04-04T02:08:30Z</when>
          <when>2026-04-04T02:08:42Z</when>
          <when>2026-04-04T02:09:02Z</when>
          <when>2026-04-04T02:09:14Z</when>
          <when>2026-04-04T02:09:24Z</when>
          <when>2026-04-04T02:09:34Z</when>
          <when>2026-04-04T02:09:46Z</when>
          <when>2026-04-04T02:09:58Z</when>
          <when>2026-04-04T02:10:10Z</when>
          <when>2026-04-04T02:10:20Z</when>
          <when>2026-04-04T02:10:30Z</when>
          <when>2026-04-04T02:10:40Z</when>
          <when>2026-04-04T02:10:50Z</when>
          <when>2026-04-04T02:11:02Z</when>
          <when>2026-04-04T02:11:04Z</when>
          <when>2026-04-04T02:11:14Z</when>
          <when>2026-04-04T02:11:24Z</when>
          <when>2026-04-04T02:11:32Z</when>
          <when>2026-04-04T02:11:40Z</when>
          <when>2026-04-04T02:11:50Z</when>
          <when>2026-04-04T02:11:58Z</when>
          <when>2026-04-04T02:12:06Z</when>
          <when>2026-04-04T02:12:16Z</when>
          <when>2026-04-04T02:12:26Z</when>
          <when>2026-04-04T02:12:42Z</when>
          <when>2026-04-04T02:12:54Z</when>
          <when>2026-04-04T02:13:06Z</when>
          <when>2026-04-04T02:13:16Z</when>
          <when>2026-04-04T02:13:26Z</when>
          <when>2026-04-04T02:13:42Z</when>
          <when>2026-04-04T02:13:54Z</when>
          <when>2026-04-04T02:14:32Z</when>
          <when>2026-04-04T02:14:42Z</when>
          <when>2026-04-04T02:14:54Z</when>
          <when>2026-04-04T02:15:04Z</when>
          <when>2026-04-04T02:15:14Z</when>
          <when>2026-04-04T02:15:24Z</when>
          <when>2026-04-04T02:15:34Z</when>
          <when>2026-04-04T02:15:50Z</when>
          <when>2026-04-04T02:16:00Z</when>
          <when>2026-04-04T02:16:10Z</when>
          <when>2026-04-04T02:16:20Z</when>
          <when>2026-04-04T02:16:30Z</when>
          <when>2026-04-04T02:16:40Z</when>
          <when>2026-04-04T02:16:50Z</when>
          <when>2026-04-04T02:17:02Z</when>
          <when>2026-04-04T02:17:12Z</when>
          <when>2026-04-04T02:17:22Z</when>
          <when>2026-04-04T02:17:36Z</when>
          <when>2026-04-04T02:17:48Z</when>
          <when>2026-04-04T02:18:04Z</when>
          <when>2026-04-04T02:18:26Z</when>
          <when>2026-04-04T02:18:36Z</when>
          <when>2026-04-04T02:18:46Z</when>
          <when>2026-04-04T02:18:54Z</when>
          <when>2026-04-04T02:18:58Z</when>
          <when>2026-04-04T02:19:08Z</when>
          <when>2026-04-04T02:19:22Z</when>
          <when>2026-04-04T02:19:36Z</when>
          <when>2026-04-04T02:19:38Z</when>
          <when>2026-04-04T02:20:10Z</when>
          <when>2026-04-04T02:20:24Z</when>
          <when>2026-04-04T02:20:36Z</when>
          <when>2026-04-04T02:20:46Z</when>
          <when>2026-04-04T02:21:18Z</when>
          <when>2026-04-04T02:21:30Z</when>
          <when>2026-04-04T02:21:38Z</when>
          <when>2026-04-04T02:21:50Z</when>
          <when>2026-04-04T02:22:00Z</when>
          <when>2026-04-04T02:22:14Z</when>
          <when>2026-04-04T02:22:28Z</when>
          <when>2026-04-04T02:22:40Z</when>
          <when>2026-04-04T02:22:46Z</when>
          <when>2026-04-04T02:23:02Z</when>
          <when>2026-04-04T02:23:18Z</when>
          <when>2026-04-04T02:23:28Z</when>
          <when>2026-04-04T02:23:38Z</when>
          <when>2026-04-04T02:23:50Z</when>
          <when>2026-04-04T02:24:00Z</when>
          <when>2026-04-04T02:24:10Z</when>
          <when>2026-04-04T02:24:22Z</when>
          <when>2026-04-04T02:24:32Z</when>
          <when>2026-04-04T02:24:42Z</when>
          <when>2026-04-04T02:24:52Z</when>
          <when>2026-04-04T02:25:02Z</when>
          <when>2026-04-04T02:25:12Z</when>
          <when>2026-04-04T02:25:24Z</when>
          <when>2026-04-04T02:25:36Z</when>
          <when>2026-04-04T02:26:12Z</when>
          <when>2026-04-04T02:26:24Z</when>
          <when>2026-04-04T02:26:44Z</when>
          <when>2026-04-04T02:26:54Z</when>
          <when>2026-04-04T02:27:04Z</when>
          <when>2026-04-04T02:27:14Z</when>
          <when>2026-04-04T02:27:24Z</when>
          <when>2026-04-04T02:27:34Z</when>
          <when>2026-04-04T02:27:44Z</when>
          <when>2026-04-04T02:27:54Z</when>
          <when>2026-04-04T02:27:58Z</when>
          <when>2026-04-04T02:28:12Z</when>
          <when>2026-04-04T02:28:20Z</when>
          <when>2026-04-04T02:28:30Z</when>
          <when>2026-04-04T02:28:42Z</when>
          <when>2026-04-04T02:28:54Z</when>
          <when>2026-04-04T02:29:04Z</when>
          <when>2026-04-04T02:29:14Z</when>
          <when>2026-04-04T02:29:26Z</when>
          <when>2026-04-04T02:29:36Z</when>
          <when>2026-04-04T02:29:46Z</when>
          <when>2026-04-04T02:30:00Z</when>
          <when>2026-04-04T02:30:10Z</when>
          <when>2026-04-04T02:30:28Z</when>
          <when>2026-04-04T02:30:40Z</when>
          <when>2026-04-04T02:30:52Z</when>
          <when>2026-04-04T02:31:02Z</when>
          <when>2026-04-04T02:31:10Z</when>
          <when>2026-04-04T02:31:18Z</when>
          <when>2026-04-04T02:31:42Z</when>
          <when>2026-04-04T02:31:56Z</when>
          <when>2026-04-04T02:32:06Z</when>
          <when>2026-04-04T02:32:16Z</when>
          <when>2026-04-04T02:32:26Z</when>
          <when>2026-04-04T02:32:42Z</when>
          <when>2026-04-04T02:32:54Z</when>
          <when>2026-04-04T02:33:06Z</when>
          <when>2026-04-04T02:33:20Z</when>
          <when>2026-04-04T02:33:40Z</when>
          <when>2026-04-04T02:33:54Z</when>
          <when>2026-04-04T02:34:04Z</when>
          <when>2026-04-04T02:34:26Z</when>
          <when>2026-04-04T02:34:36Z</when>
          <when>2026-04-04T02:34:48Z</when>
          <when>2026-04-04T02:35:00Z</when>
          <when>2026-04-04T02:35:10Z</when>
          <when>2026-04-04T02:35:22Z</when>
          <when>2026-04-04T02:35:48Z</when>
          <when>2026-04-04T02:36:04Z</when>
          <when>2026-04-04T02:36:16Z</when>
          <when>2026-04-04T02:36:30Z</when>
          <when>2026-04-04T02:36:44Z</when>
          <when>2026-04-04T02:37:10Z</when>
          <when>2026-04-04T02:37:24Z</when>
          <when>2026-04-04T02:37:26Z</when>
          <when>2026-04-04T02:37:44Z</when>
          <when>2026-04-04T02:37:56Z</when>
          <when>2026-04-04T02:38:08Z</when>
          <when>2026-04-04T02:38:22Z</when>
          <when>2026-04-04T02:38:34Z</when>
          <when>2026-04-04T02:38:44Z</when>
          <when>2026-04-04T02:38:58Z</when>
          <when>2026-04-04T02:39:10Z</when>
          <when>2026-04-04T02:39:28Z</when>
          <when>2026-04-04T02:40:02Z</when>
          <when>2026-04-04T02:40:14Z</when>
          <when>2026-04-04T02:50:56Z</when>
          <when>2026-04-04T02:54:31Z</when>
          <when>2026-04-04T02:55:11Z</when>
          <when>2026-04-04T02:55:19Z</when>
          <when>2026-04-04T02:55:29Z</when>
          <when>2026-04-04T02:55:41Z</when>
          <when>2026-04-04T02:55:51Z</when>
          <when>2026-04-04T02:56:03Z</when>
          <when>2026-04-04T02:56:15Z</when>
          <when>2026-04-04T02:56:25Z</when>
          <when>2026-04-04T02:56:37Z</when>
          <when>2026-04-04T02:56:47Z</when>
          <when>2026-04-04T02:56:57Z</when>
          <when>2026-04-04T02:57:05Z</when>
          <when>2026-04-04T02:57:15Z</when>
          <when>2026-04-04T02:57:25Z</when>
          <when>2026-04-04T02:57:35Z</when>
          <when>2026-04-04T02:57:45Z</when>
          <when>2026-04-04T02:57:55Z</when>
          <when>2026-04-04T02:58:05Z</when>
          <when>2026-04-04T02:58:13Z</when>
          <when>2026-04-04T02:58:53Z</when>
          <when>2026-04-04T02:59:05Z</when>
          <when>2026-04-04T02:59:17Z</when>
          <when>2026-04-04T02:59:25Z</when>
          <when>2026-04-04T02:59:35Z</when>
          <when>2026-04-04T02:59:47Z</when>
          <when>2026-04-04T03:00:11Z</when>
          <when>2026-04-04T03:00:25Z</when>
          <when>2026-04-04T03:00:41Z</when>
          <when>2026-04-04T03:01:03Z</when>
          <when>2026-04-04T03:01:13Z</when>
          <when>2026-04-04T03:01:27Z</when>
          <when>2026-04-04T03:02:19Z</when>
          <when>2026-04-04T03:02:35Z</when>
          <when>2026-04-04T03:02:59Z</when>
          <when>2026-04-04T03:03:13Z</when>
          <when>2026-04-04T03:03:25Z</when>
          <when>2026-04-04T03:03:39Z</when>
          <when>2026-04-04T03:03:55Z</when>
          <when>2026-04-04T03:04:25Z</when>
          <when>2026-04-04T03:05:13Z</when>
          <when>2026-04-04T03:05:27Z</when>
          <when>2026-04-04T03:05:41Z</when>
          <when>2026-04-04T03:06:05Z</when>
          <when>2026-04-04T03:07:13Z</when>
          <when>2026-04-04T03:07:29Z</when>
          <when>2026-04-04T03:07:59Z</when>
          <when>2026-04-04T03:08:41Z</when>
          <when>2026-04-04T03:08:53Z</when>
          <when>2026-04-04T03:09:05Z</when>
          <when>2026-04-04T03:09:17Z</when>
          <when>2026-04-04T03:09:43Z</when>
          <when>2026-04-04T03:10:15Z</when>
          <when>2026-04-04T03:10:29Z</when>
          <when>2026-04-04T03:10:43Z</when>
          <when>2026-04-04T03:11:09Z</when>
          <when>2026-04-04T03:11:17Z</when>
          <when>2026-04-04T03:11:31Z</when>
          <when>2026-04-04T03:11:49Z</when>
          <when>2026-04-04T03:11:59Z</when>
          <when>2026-04-04T03:12:09Z</when>
          <when>2026-04-04T03:12:21Z</when>
          <when>2026-04-04T03:12:37Z</when>
          <when>2026-04-04T03:13:01Z</when>
          <when>2026-04-04T03:14:23Z</when>
          <when>2026-04-04T03:14:33Z</when>
          <when>2026-04-04T03:14:43Z</when>
          <when>2026-04-04T03:14:53Z</when>
          <when>2026-04-04T03:15:05Z</when>
          <when>2026-04-04T03:15:25Z</when>
          <when>2026-04-04T03:15:51Z</when>
          <when>2026-04-04T03:16:15Z</when>
          <when>2026-04-04T03:16:27Z</when>
          <when>2026-04-04T03:16:47Z</when>
          <when>2026-04-04T03:17:05Z</when>
          <when>2026-04-04T03:17:21Z</when>
          <when>2026-04-04T03:17:37Z</when>
          <when>2026-04-04T03:17:53Z</when>
          <when>2026-04-04T03:18:19Z</when>
          <when>2026-04-04T03:18:35Z</when>
          <when>2026-04-04T03:18:51Z</when>
          <when>2026-04-04T03:19:17Z</when>
          <when>2026-04-04T03:19:37Z</when>
          <when>2026-04-04T03:19:55Z</when>
          <when>2026-04-04T03:20:09Z</when>
          <when>2026-04-04T03:20:25Z</when>
          <when>2026-04-04T03:20:39Z</when>
          <when>2026-04-04T03:20:53Z</when>
          <when>2026-04-04T03:21:13Z</when>
          <when>2026-04-04T03:21:25Z</when>
          <when>2026-04-04T03:21:37Z</when>
          <when>2026-04-04T03:21:55Z</when>
          <when>2026-04-04T03:22:09Z</when>
          <when>2026-04-04T03:22:23Z</when>
          <when>2026-04-04T03:22:35Z</when>
          <when>2026-04-04T03:23:01Z</when>
          <when>2026-04-04T03:23:17Z</when>
          <when>2026-04-04T03:23:29Z</when>
          <when>2026-04-04T03:23:41Z</when>
          <when>2026-04-04T03:24:01Z</when>
          <when>2026-04-04T03:24:13Z</when>
          <when>2026-04-04T03:24:19Z</when>
          <when>2026-04-04T03:25:01Z</when>
          <when>2026-04-04T03:25:13Z</when>
          <when>2026-04-04T03:25:23Z</when>
          <when>2026-04-04T03:25:35Z</when>
          <when>2026-04-04T03:25:49Z</when>
          <when>2026-04-04T03:26:11Z</when>
          <when>2026-04-04T03:26:25Z</when>
          <when>2026-04-04T03:26:37Z</when>
          <when>2026-04-04T03:26:47Z</when>
          <when>2026-04-04T03:26:55Z</when>
          <when>2026-04-04T03:27:03Z</when>
          <when>2026-04-04T03:27:11Z</when>
          <when>2026-04-04T03:27:19Z</when>
          <when>2026-04-04T03:27:29Z</when>
          <when>2026-04-04T03:27:41Z</when>
          <when>2026-04-04T03:28:11Z</when>
          <when>2026-04-04T03:28:25Z</when>
          <when>2026-04-04T03:28:39Z</when>
          <when>2026-04-04T03:28:49Z</when>
          <when>2026-04-04T03:28:59Z</when>
          <when>2026-04-04T03:29:09Z</when>
          <when>2026-04-04T03:29:21Z</when>
          <when>2026-04-04T03:29:33Z</when>
          <when>2026-04-04T03:29:43Z</when>
          <when>2026-04-04T03:29:55Z</when>
          <when>2026-04-04T03:30:05Z</when>
          <when>2026-04-04T03:30:15Z</when>
          <when>2026-04-04T03:30:25Z</when>
          <when>2026-04-04T03:30:37Z</when>
          <when>2026-04-04T03:30:49Z</when>
          <when>2026-04-04T03:31:01Z</when>
          <when>2026-04-04T03:31:13Z</when>
          <when>2026-04-04T03:31:25Z</when>
          <when>2026-04-04T03:31:35Z</when>
          <when>2026-04-04T03:31:47Z</when>
          <when>2026-04-04T03:31:59Z</when>
          <when>2026-04-04T03:32:13Z</when>
          <when>2026-04-04T03:32:25Z</when>
          <when>2026-04-04T03:32:49Z</when>
          <when>2026-04-04T03:33:01Z</when>
          <when>2026-04-04T03:33:13Z</when>
          <when>2026-04-04T03:33:23Z</when>
          <when>2026-04-04T03:33:33Z</when>
          <when>2026-04-04T03:33:43Z</when>
          <when>2026-04-04T03:33:53Z</when>
          <when>2026-04-04T03:34:03Z</when>
          <when>2026-04-04T03:34:13Z</when>
          <when>2026-04-04T03:34:23Z</when>
          <when>2026-04-04T03:34:35Z</when>
          <when>2026-04-04T03:35:19Z</when>
          <when>2026-04-04T03:35:33Z</when>
          <when>2026-04-04T03:35:47Z</when>
          <when>2026-04-04T03:35:57Z</when>
          <when>2026-04-04T03:36:05Z</when>
          <when>2026-04-04T03:36:19Z</when>
          <when>2026-04-04T03:36:33Z</when>
          <when>2026-04-04T03:36:57Z</when>
          <when>2026-04-04T03:37:09Z</when>
          <when>2026-04-04T03:37:19Z</when>
          <when>2026-04-04T03:37:29Z</when>
          <when>2026-04-04T03:37:41Z</when>
          <when>2026-04-04T03:37:51Z</when>
          <when>2026-04-04T03:38:03Z</when>
          <when>2026-04-04T03:38:15Z</when>
          <when>2026-04-04T03:38:35Z</when>
          <when>2026-04-04T03:39:17Z</when>
          <when>2026-04-04T03:40:09Z</when>
          <when>2026-04-04T03:40:23Z</when>
          <when>2026-04-04T03:40:37Z</when>
          <when>2026-04-04T03:41:03Z</when>
          <when>2026-04-04T03:41:51Z</when>
          <when>2026-04-04T03:42:01Z</when>
          <when>2026-04-04T03:42:09Z</when>
          <when>2026-04-04T03:42:19Z</when>
          <when>2026-04-04T03:42:35Z</when>
          <when>2026-04-04T03:42:45Z</when>
          <when>2026-04-04T03:42:55Z</when>
          <when>2026-04-04T03:43:05Z</when>
          <when>2026-04-04T03:43:17Z</when>
          <when>2026-04-04T03:43:25Z</when>
          <when>2026-04-04T03:43:35Z</when>
          <when>2026-04-04T03:43:43Z</when>
          <when>2026-04-04T03:44:03Z</when>
          <when>2026-04-04T03:44:33Z</when>
          <when>2026-04-04T03:44:43Z</when>
          <when>2026-04-04T03:44:53Z</when>
          <when>2026-04-04T03:45:03Z</when>
          <when>2026-04-04T03:45:15Z</when>
          <when>2026-04-04T03:45:27Z</when>
          <when>2026-04-04T03:45:39Z</when>
          <when>2026-04-04T03:45:49Z</when>
          <when>2026-04-04T03:46:03Z</when>
          <when>2026-04-04T03:46:15Z</when>
          <when>2026-04-04T03:46:25Z</when>
          <when>2026-04-04T03:46:35Z</when>
          <when>2026-04-04T03:46:53Z</when>
          <when>2026-04-04T03:47:07Z</when>
          <when>2026-04-04T03:47:23Z</when>
          <when>2026-04-04T03:47:35Z</when>
          <when>2026-04-04T03:53:29Z</when>
          <when>2026-04-04T03:54:01Z</when>
          <when>2026-04-04T03:54:13Z</when>
          <when>2026-04-04T03:54:23Z</when>
          <when>2026-04-04T03:54:41Z</when>
          <when>2026-04-04T03:55:35Z</when>
          <when>2026-04-04T03:56:01Z</when>
          <when>2026-04-04T03:56:13Z</when>
          <when>2026-04-04T03:57:27Z</when>
          <when>2026-04-04T03:57:53Z</when>
          <when>2026-04-04T03:58:07Z</when>
          <when>2026-04-04T03:58:21Z</when>
          <when>2026-04-04T03:58:39Z</when>
          <when>2026-04-04T03:58:43Z</when>
          <when>2026-04-04T03:58:59Z</when>
          <when>2026-04-04T03:59:29Z</when>
          <when>2026-04-04T03:59:47Z</when>
          <when>2026-04-04T04:00:03Z</when>
          <when>2026-04-04T04:00:13Z</when>
          <when>2026-04-04T04:00:23Z</when>
          <when>2026-04-04T04:00:49Z</when>
          <when>2026-04-04T04:01:01Z</when>
          <when>2026-04-04T04:01:25Z</when>
          <when>2026-04-04T04:01:29Z</when>
          <when>2026-04-04T04:01:43Z</when>
          <when>2026-04-04T04:01:55Z</when>
          <when>2026-04-04T04:02:05Z</when>
          <when>2026-04-04T04:02:15Z</when>
          <when>2026-04-04T04:02:31Z</when>
          <when>2026-04-04T04:02:43Z</when>
          <when>2026-04-04T04:02:55Z</when>
          <when>2026-04-04T04:03:05Z</when>
          <when>2026-04-04T04:03:17Z</when>
          <when>2026-04-04T04:03:29Z</when>
          <when>2026-04-04T04:03:57Z</when>
          <when>2026-04-04T04:04:13Z</when>
          <when>2026-04-04T04:04:29Z</when>
          <when>2026-04-04T04:04:43Z</when>
          <when>2026-04-04T04:04:53Z</when>
          <when>2026-04-04T04:05:07Z</when>
          <when>2026-04-04T04:05:39Z</when>
          <when>2026-04-04T04:05:59Z</when>
          <when>2026-04-04T04:06:11Z</when>
          <when>2026-04-04T04:06:25Z</when>
          <when>2026-04-04T04:06:47Z</when>
          <when>2026-04-04T04:07:15Z</when>
          <when>2026-04-04T04:07:33Z</when>
          <when>2026-04-04T04:07:47Z</when>
          <when>2026-04-04T04:08:31Z</when>
          <when>2026-04-04T04:11:23Z</when>
          <when>2026-04-04T04:11:33Z</when>
          <when>2026-04-04T04:11:47Z</when>
          <when>2026-04-04T04:12:05Z</when>
          <when>2026-04-04T04:12:29Z</when>
          <when>2026-04-04T04:13:03Z</when>
          <when>2026-04-04T04:13:15Z</when>
          <when>2026-04-04T04:13:29Z</when>
          <when>2026-04-04T04:13:43Z</when>
          <when>2026-04-04T04:14:39Z</when>
          <when>2026-04-04T04:14:51Z</when>
          <when>2026-04-04T04:15:43Z</when>
          <when>2026-04-04T04:15:57Z</when>
          <when>2026-04-04T04:16:25Z</when>
          <when>2026-04-04T04:16:47Z</when>
          <when>2026-04-04T04:17:23Z</when>
          <when>2026-04-04T04:17:37Z</when>
          <when>2026-04-04T04:17:53Z</when>
          <when>2026-04-04T04:18:13Z</when>
          <when>2026-04-04T04:18:23Z</when>
          <when>2026-04-04T04:18:37Z</when>
          <when>2026-04-04T04:18:51Z</when>
          <when>2026-04-04T04:19:03Z</when>
          <when>2026-04-04T04:19:21Z</when>
          <when>2026-04-04T04:19:33Z</when>
          <when>2026-04-04T04:20:57Z</when>
          <when>2026-04-04T04:21:07Z</when>
          <when>2026-04-04T04:21:19Z</when>
          <when>2026-04-04T04:21:33Z</when>
          <when>2026-04-04T04:21:43Z</when>
          <when>2026-04-04T04:21:51Z</when>
          <when>2026-04-04T04:22:01Z</when>
          <when>2026-04-04T04:22:11Z</when>
          <when>2026-04-04T04:22:21Z</when>
          <when>2026-04-04T04:22:31Z</when>
          <when>2026-04-04T04:23:07Z</when>
          <when>2026-04-04T04:23:29Z</when>
          <when>2026-04-04T04:24:35Z</when>
          <when>2026-04-04T04:24:51Z</when>
          <when>2026-04-04T04:25:19Z</when>
          <when>2026-04-04T04:25:53Z</when>
          <when>2026-04-04T04:26:43Z</when>
          <when>2026-04-04T04:27:51Z</when>
          <when>2026-04-04T04:28:13Z</when>
          <when>2026-04-04T04:28:35Z</when>
          <when>2026-04-04T04:29:23Z</when>
          <when>2026-04-04T04:29:39Z</when>
          <when>2026-04-04T04:30:07Z</when>
          <when>2026-04-04T04:30:41Z</when>
          <when>2026-04-04T04:31:11Z</when>
          <when>2026-04-04T04:31:25Z</when>
          <when>2026-04-04T04:31:41Z</when>
          <when>2026-04-04T04:31:59Z</when>
          <when>2026-04-04T04:32:45Z</when>
          <when>2026-04-04T04:33:27Z</when>
          <when>2026-04-04T04:33:31Z</when>
          <when>2026-04-04T04:33:47Z</when>
          <when>2026-04-04T04:34:01Z</when>
          <when>2026-04-04T04:34:15Z</when>
          <when>2026-04-04T04:35:09Z</when>
          <when>2026-04-04T04:35:23Z</when>
          <when>2026-04-04T04:35:41Z</when>
          <when>2026-04-04T04:37:39Z</when>
          <when>2026-04-04T04:37:45Z</when>
          <when>2026-04-04T04:38:15Z</when>
          <when>2026-04-04T04:38:29Z</when>
          <when>2026-04-04T04:38:41Z</when>
          <when>2026-04-04T04:38:57Z</when>
          <when>2026-04-04T04:39:19Z</when>
          <when>2026-04-04T04:39:43Z</when>
          <when>2026-04-04T04:40:05Z</when>
          <when>2026-04-04T04:40:19Z</when>
          <when>2026-04-04T04:40:31Z</when>
          <when>2026-04-04T04:40:43Z</when>
          <when>2026-04-04T04:41:09Z</when>
          <when>2026-04-04T04:41:33Z</when>
          <when>2026-04-04T04:41:57Z</when>
          <when>2026-04-04T04:42:39Z</when>
          <when>2026-04-04T04:43:03Z</when>
          <when>2026-04-04T04:43:41Z</when>
          <when>2026-04-04T04:44:01Z</when>
          <when>2026-04-04T04:44:35Z</when>
          <when>2026-04-04T04:44:53Z</when>
          <when>2026-04-04T04:45:07Z</when>
          <when>2026-04-04T04:45:23Z</when>
          <when>2026-04-04T04:46:47Z</when>
          <when>2026-04-04T04:47:19Z</when>
          <when>2026-04-04T04:48:07Z</when>
          <when>2026-04-04T04:48:39Z</when>
          <when>2026-04-04T04:49:19Z</when>
          <when>2026-04-04T04:49:35Z</when>
          <when>2026-04-04T04:50:17Z</when>
          <when>2026-04-04T04:50:37Z</when>
          <when>2026-04-04T04:51:19Z</when>
          <when>2026-04-04T04:51:35Z</when>
          <when>2026-04-04T04:51:49Z</when>
          <when>2026-04-04T04:52:37Z</when>
          <when>2026-04-04T04:52:49Z</when>
          <when>2026-04-04T04:53:25Z</when>
          <when>2026-04-04T04:53:45Z</when>
          <when>2026-04-04T04:54:13Z</when>
          <when>2026-04-04T04:55:01Z</when>
          <when>2026-04-04T04:55:23Z</when>
          <when>2026-04-04T04:56:03Z</when>
          <when>2026-04-04T04:57:09Z</when>
          <when>2026-04-04T04:57:39Z</when>
          <when>2026-04-04T04:58:03Z</when>
          <when>2026-04-04T04:58:57Z</when>
          <when>2026-04-04T04:59:11Z</when>
          <when>2026-04-04T04:59:41Z</when>
          <when>2026-04-04T05:00:41Z</when>
          <when>2026-04-04T05:00:55Z</when>
          <when>2026-04-04T05:01:27Z</when>
          <when>2026-04-04T05:01:39Z</when>
          <when>2026-04-04T05:01:55Z</when>
          <when>2026-04-04T05:02:19Z</when>
          <when>2026-04-04T05:02:35Z</when>
          <when>2026-04-04T05:03:13Z</when>
          <when>2026-04-04T05:03:27Z</when>
          <when>2026-04-04T05:04:07Z</when>
          <when>2026-04-04T05:04:33Z</when>
          <when>2026-04-04T05:05:07Z</when>
          <when>2026-04-04T05:05:29Z</when>
          <when>2026-04-04T05:05:53Z</when>
          <when>2026-04-04T05:06:29Z</when>
          <when>2026-04-04T05:06:49Z</when>
          <when>2026-04-04T05:07:09Z</when>
          <when>2026-04-04T05:07:39Z</when>
          <when>2026-04-04T05:07:57Z</when>
          <when>2026-04-04T05:08:07Z</when>
          <when>2026-04-04T05:08:19Z</when>
          <when>2026-04-04T05:08:29Z</when>
          <when>2026-04-04T05:09:17Z</when>
          <when>2026-04-04T05:09:53Z</when>
          <when>2026-04-04T05:10:39Z</when>
          <when>2026-04-04T05:10:59Z</when>
          <when>2026-04-04T05:11:37Z</when>
          <when>2026-04-04T05:11:57Z</when>
          <when>2026-04-04T05:12:17Z</when>
          <when>2026-04-04T05:12:41Z</when>
          <when>2026-04-04T05:12:55Z</when>
          <when>2026-04-04T05:13:03Z</when>
          <when>2026-04-04T05:13:11Z</when>
          <when>2026-04-04T05:13:31Z</when>
          <when>2026-04-04T05:13:59Z</when>
          <when>2026-04-04T05:15:07Z</when>
          <when>2026-04-04T05:15:17Z</when>
          <when>2026-04-04T05:15:27Z</when>
          <when>2026-04-04T05:15:51Z</when>
          <when>2026-04-04T05:15:59Z</when>
          <when>2026-04-04T05:19:03Z</when>
          <when>2026-04-04T05:19:15Z</when>
          <when>2026-04-04T05:19:23Z</when>
          <when>2026-04-04T05:19:37Z</when>
          <when>2026-04-04T05:20:03Z</when>
          <when>2026-04-04T05:20:09Z</when>
          <when>2026-04-04T05:20:17Z</when>
          <when>2026-04-04T05:20:25Z</when>
          <when>2026-04-04T05:20:33Z</when>
          <when>2026-04-04T05:20:41Z</when>
          <when>2026-04-04T05:20:53Z</when>
          <when>2026-04-04T05:21:11Z</when>
          <when>2026-04-04T05:31:10Z</when>
          <when>2026-04-04T05:32:10Z</when>
          <when>2026-04-04T05:33:24Z</when>
          <when>2026-04-04T05:33:34Z</when>
          <when>2026-04-04T05:33:44Z</when>
          <when>2026-04-04T05:33:56Z</when>
          <when>2026-04-04T05:34:08Z</when>
          <when>2026-04-04T05:34:20Z</when>
          <when>2026-04-04T05:34:32Z</when>
          <when>2026-04-04T05:34:44Z</when>
          <when>2026-04-04T05:35:00Z</when>
          <when>2026-04-04T05:35:14Z</when>
          <when>2026-04-04T05:35:32Z</when>
          <when>2026-04-04T05:35:50Z</when>
          <when>2026-04-04T05:36:04Z</when>
          <when>2026-04-04T05:36:16Z</when>
          <when>2026-04-04T05:36:30Z</when>
          <when>2026-04-04T05:37:02Z</when>
          <when>2026-04-04T05:37:24Z</when>
          <when>2026-04-04T05:37:36Z</when>
          <when>2026-04-04T05:37:44Z</when>
          <when>2026-04-04T05:38:42Z</when>
          <when>2026-04-04T05:38:52Z</when>
          <when>2026-04-04T05:39:04Z</when>
          <when>2026-04-04T05:39:16Z</when>
          <when>2026-04-04T05:39:34Z</when>
          <when>2026-04-04T05:39:46Z</when>
          <when>2026-04-04T05:40:00Z</when>
          <when>2026-04-04T05:40:12Z</when>
          <when>2026-04-04T05:40:26Z</when>
          <when>2026-04-04T05:40:38Z</when>
          <when>2026-04-04T05:40:50Z</when>
          <when>2026-04-04T05:41:08Z</when>
          <when>2026-04-04T05:41:18Z</when>
          <when>2026-04-04T05:41:30Z</when>
          <when>2026-04-04T05:41:40Z</when>
          <when>2026-04-04T05:41:50Z</when>
          <when>2026-04-04T05:42:00Z</when>
          <when>2026-04-04T05:42:10Z</when>
          <when>2026-04-04T05:42:20Z</when>
          <when>2026-04-04T05:42:30Z</when>
          <when>2026-04-04T05:42:44Z</when>
          <when>2026-04-04T05:42:54Z</when>
          <when>2026-04-04T05:43:06Z</when>
          <when>2026-04-04T05:43:18Z</when>
          <when>2026-04-04T05:43:45Z</when>
          <when>2026-04-04T05:43:57Z</when>
          <when>2026-04-04T05:44:11Z</when>
          <when>2026-04-04T05:44:23Z</when>
          <when>2026-04-04T05:44:37Z</when>
          <when>2026-04-04T05:44:49Z</when>
          <when>2026-04-04T05:44:59Z</when>
          <when>2026-04-04T05:45:09Z</when>
          <when>2026-04-04T05:45:19Z</when>
          <when>2026-04-04T05:45:29Z</when>
          <when>2026-04-04T05:45:39Z</when>
          <when>2026-04-04T05:45:51Z</when>
          <when>2026-04-04T05:46:19Z</when>
          <when>2026-04-04T05:46:33Z</when>
          <when>2026-04-04T05:46:51Z</when>
          <when>2026-04-04T05:47:07Z</when>
          <when>2026-04-04T05:47:17Z</when>
          <when>2026-04-04T05:47:31Z</when>
          <when>2026-04-04T05:47:41Z</when>
          <when>2026-04-04T05:47:47Z</when>
          <when>2026-04-04T05:48:07Z</when>
          <when>2026-04-04T05:48:17Z</when>
          <when>2026-04-04T05:48:27Z</when>
          <when>2026-04-04T05:48:37Z</when>
          <when>2026-04-04T05:48:47Z</when>
          <when>2026-04-04T05:48:57Z</when>
          <when>2026-04-04T05:49:09Z</when>
          <when>2026-04-04T05:49:25Z</when>
          <when>2026-04-04T05:49:41Z</when>
          <when>2026-04-04T05:49:55Z</when>
          <when>2026-04-04T05:50:09Z</when>
          <when>2026-04-04T05:50:31Z</when>
          <when>2026-04-04T05:50:43Z</when>
          <when>2026-04-04T05:50:55Z</when>
          <when>2026-04-04T05:51:19Z</when>
          <when>2026-04-04T05:51:29Z</when>
          <when>2026-04-04T05:51:39Z</when>
          <when>2026-04-04T05:51:49Z</when>
          <when>2026-04-04T05:52:01Z</when>
          <when>2026-04-04T05:52:13Z</when>
          <when>2026-04-04T05:52:25Z</when>
          <when>2026-04-04T05:52:45Z</when>
          <when>2026-04-04T05:53:01Z</when>
          <when>2026-04-04T05:53:23Z</when>
          <when>2026-04-04T05:53:37Z</when>
          <when>2026-04-04T05:53:45Z</when>
          <when>2026-04-04T05:53:55Z</when>
          <when>2026-04-04T05:54:05Z</when>
          <when>2026-04-04T05:54:15Z</when>
          <when>2026-04-04T05:54:25Z</when>
          <when>2026-04-04T05:54:35Z</when>
          <when>2026-04-04T05:54:45Z</when>
          <when>2026-04-04T05:54:59Z</when>
          <when>2026-04-04T05:55:11Z</when>
          <when>2026-04-04T05:55:21Z</when>
          <when>2026-04-04T05:55:33Z</when>
          <when>2026-04-04T05:55:45Z</when>
          <when>2026-04-04T05:55:57Z</when>
          <when>2026-04-04T05:56:07Z</when>
          <when>2026-04-04T05:56:09Z</when>
          <when>2026-04-04T05:56:23Z</when>
          <when>2026-04-04T05:56:33Z</when>
          <when>2026-04-04T05:56:45Z</when>
          <when>2026-04-04T05:56:55Z</when>
          <when>2026-04-04T05:57:07Z</when>
          <when>2026-04-04T05:57:19Z</when>
          <when>2026-04-04T05:57:33Z</when>
          <when>2026-04-04T05:57:49Z</when>
          <when>2026-04-04T05:58:01Z</when>
          <when>2026-04-04T05:58:15Z</when>
          <when>2026-04-04T05:59:21Z</when>
          <when>2026-04-04T05:59:31Z</when>
          <when>2026-04-04T05:59:43Z</when>
          <when>2026-04-04T05:59:57Z</when>
          <when>2026-04-04T06:00:09Z</when>
          <when>2026-04-04T06:00:23Z</when>
          <when>2026-04-04T06:00:37Z</when>
          <when>2026-04-04T06:01:05Z</when>
          <when>2026-04-04T06:01:25Z</when>
          <when>2026-04-04T06:01:59Z</when>
          <when>2026-04-04T06:02:15Z</when>
          <when>2026-04-04T06:02:27Z</when>
          <when>2026-04-04T06:02:39Z</when>
          <when>2026-04-04T06:02:51Z</when>
          <when>2026-04-04T06:03:05Z</when>
          <when>2026-04-04T06:03:15Z</when>
          <when>2026-04-04T06:03:27Z</when>
          <when>2026-04-04T06:04:01Z</when>
          <when>2026-04-04T06:04:11Z</when>
          <when>2026-04-04T06:04:21Z</when>
          <when>2026-04-04T06:04:25Z</when>
          <when>2026-04-04T06:04:41Z</when>
          <when>2026-04-04T06:04:51Z</when>
          <when>2026-04-04T06:05:09Z</when>
          <when>2026-04-04T06:05:21Z</when>
          <when>2026-04-04T06:05:35Z</when>
          <when>2026-04-04T06:05:47Z</when>
          <when>2026-04-04T06:06:03Z</when>
          <when>2026-04-04T06:06:23Z</when>
          <when>2026-04-04T06:06:37Z</when>
          <when>2026-04-04T06:06:51Z</when>
          <when>2026-04-04T06:07:05Z</when>
          <when>2026-04-04T06:07:17Z</when>
          <when>2026-04-04T06:07:29Z</when>
          <when>2026-04-04T06:07:51Z</when>
          <when>2026-04-04T06:08:07Z</when>
          <when>2026-04-04T06:08:47Z</when>
          <when>2026-04-04T06:09:01Z</when>
          <when>2026-04-04T06:09:15Z</when>
          <when>2026-04-04T06:09:25Z</when>
          <when>2026-04-04T06:09:31Z</when>
          <when>2026-04-04T06:09:53Z</when>
          <when>2026-04-04T06:10:17Z</when>
          <when>2026-04-04T06:10:31Z</when>
          <when>2026-04-04T06:10:45Z</when>
          <when>2026-04-04T06:10:57Z</when>
          <when>2026-04-04T06:11:09Z</when>
          <when>2026-04-04T06:11:11Z</when>
          <when>2026-04-04T06:11:45Z</when>
          <when>2026-04-04T06:12:05Z</when>
          <when>2026-04-04T06:12:15Z</when>
          <when>2026-04-04T06:12:29Z</when>
          <when>2026-04-04T06:12:39Z</when>
          <when>2026-04-04T06:12:49Z</when>
          <when>2026-04-04T06:12:55Z</when>
          <when>2026-04-04T06:13:21Z</when>
          <when>2026-04-04T06:13:37Z</when>
          <when>2026-04-04T06:14:03Z</when>
          <when>2026-04-04T06:14:15Z</when>
          <when>2026-04-04T06:14:25Z</when>
          <when>2026-04-04T06:14:37Z</when>
          <when>2026-04-04T06:14:55Z</when>
          <when>2026-04-04T06:15:05Z</when>
          <when>2026-04-04T06:15:11Z</when>
          <when>2026-04-04T06:15:25Z</when>
          <when>2026-04-04T06:15:35Z</when>
          <when>2026-04-04T06:15:45Z</when>
          <when>2026-04-04T06:15:53Z</when>
          <when>2026-04-04T06:15:59Z</when>
          <when>2026-04-04T06:16:11Z</when>
          <when>2026-04-04T06:16:21Z</when>
          <when>2026-04-04T06:16:33Z</when>
          <when>2026-04-04T06:16:43Z</when>
          <when>2026-04-04T06:16:53Z</when>
          <when>2026-04-04T06:17:03Z</when>
          <when>2026-04-04T06:17:13Z</when>
          <when>2026-04-04T06:17:23Z</when>
          <when>2026-04-04T06:17:33Z</when>
          <when>2026-04-04T06:17:45Z</when>
          <when>2026-04-04T06:17:55Z</when>
          <when>2026-04-04T06:18:05Z</when>
          <when>2026-04-04T06:18:15Z</when>
          <when>2026-04-04T06:18:27Z</when>
          <when>2026-04-04T06:18:37Z</when>
          <when>2026-04-04T06:18:49Z</when>
          <when>2026-04-04T06:19:01Z</when>
          <when>2026-04-04T06:19:05Z</when>
          <when>2026-04-04T06:19:31Z</when>
          <when>2026-04-04T06:19:41Z</when>
          <when>2026-04-04T06:19:53Z</when>
          <when>2026-04-04T06:20:05Z</when>
          <when>2026-04-04T06:20:17Z</when>
          <when>2026-04-04T06:20:23Z</when>
          <when>2026-04-04T06:20:55Z</when>
          <when>2026-04-04T06:21:07Z</when>
          <when>2026-04-04T06:21:17Z</when>
          <when>2026-04-04T06:21:35Z</when>
          <when>2026-04-04T06:22:07Z</when>
          <when>2026-04-04T06:22:21Z</when>
          <when>2026-04-04T06:22:31Z</when>
          <when>2026-04-04T06:22:37Z</when>
          <when>2026-04-04T06:22:57Z</when>
          <when>2026-04-04T06:23:25Z</when>
          <when>2026-04-04T06:23:33Z</when>
          <when>2026-04-04T06:23:57Z</when>
          <when>2026-04-04T06:24:15Z</when>
          <when>2026-04-04T06:24:27Z</when>
          <when>2026-04-04T06:24:39Z</when>
          <when>2026-04-04T06:24:49Z</when>
          <when>2026-04-04T06:25:17Z</when>
          <when>2026-04-04T06:25:31Z</when>
          <when>2026-04-04T06:25:39Z</when>
          <when>2026-04-04T06:26:07Z</when>
          <when>2026-04-04T06:27:35Z</when>
          <when>2026-04-04T06:27:53Z</when>
          <when>2026-04-04T06:28:07Z</when>
          <when>2026-04-04T06:28:19Z</when>
          <when>2026-04-04T06:28:27Z</when>
          <when>2026-04-04T06:28:37Z</when>
          <when>2026-04-04T06:28:47Z</when>
          <when>2026-04-04T06:28:57Z</when>
          <when>2026-04-04T06:29:07Z</when>
          <when>2026-04-04T06:29:21Z</when>
          <when>2026-04-04T06:29:35Z</when>
          <when>2026-04-04T06:29:45Z</when>
          <when>2026-04-04T06:29:55Z</when>
          <when>2026-04-04T06:30:03Z</when>
          <when>2026-04-04T06:30:11Z</when>
          <when>2026-04-04T06:30:21Z</when>
          <when>2026-04-04T06:30:35Z</when>
          <when>2026-04-04T06:30:45Z</when>
          <when>2026-04-04T06:30:55Z</when>
          <when>2026-04-04T06:31:07Z</when>
          <when>2026-04-04T06:31:19Z</when>
          <when>2026-04-04T06:31:31Z</when>
          <when>2026-04-04T06:31:43Z</when>
          <when>2026-04-04T06:31:57Z</when>
          <when>2026-04-04T06:32:09Z</when>
          <when>2026-04-04T06:32:23Z</when>
          <when>2026-04-04T06:32:41Z</when>
          <when>2026-04-04T06:32:57Z</when>
          <when>2026-04-04T06:33:11Z</when>
          <when>2026-04-04T06:33:21Z</when>
          <when>2026-04-04T06:33:31Z</when>
          <when>2026-04-04T06:33:39Z</when>
          <when>2026-04-04T06:33:49Z</when>
          <when>2026-04-04T06:34:01Z</when>
          <when>2026-04-04T06:34:13Z</when>
          <when>2026-04-04T06:34:29Z</when>
          <when>2026-04-04T06:34:47Z</when>
          <when>2026-04-04T06:34:59Z</when>
          <when>2026-04-04T06:35:09Z</when>
          <when>2026-04-04T06:35:19Z</when>
          <when>2026-04-04T06:35:29Z</when>
          <when>2026-04-04T06:35:41Z</when>
          <when>2026-04-04T06:35:53Z</when>
          <when>2026-04-04T06:35:59Z</when>
          <when>2026-04-04T06:36:17Z</when>
          <when>2026-04-04T06:36:39Z</when>
          <when>2026-04-04T06:36:55Z</when>
          <when>2026-04-04T06:37:15Z</when>
          <when>2026-04-04T06:38:09Z</when>
          <when>2026-04-04T06:38:41Z</when>
          <when>2026-04-04T06:38:55Z</when>
          <when>2026-04-04T06:39:09Z</when>
          <when>2026-04-04T06:39:53Z</when>
          <when>2026-04-04T06:40:23Z</when>
          <when>2026-04-04T06:40:40Z</when>
          <when>2026-04-04T06:40:54Z</when>
          <when>2026-04-04T06:41:12Z</when>
          <when>2026-04-04T06:41:25Z</when>
          <when>2026-04-04T06:41:36Z</when>
          <when>2026-04-04T06:41:48Z</when>
          <when>2026-04-04T06:42:01Z</when>
          <when>2026-04-04T06:42:15Z</when>
          <when>2026-04-04T06:42:30Z</when>
          <when>2026-04-04T06:42:52Z</when>
          <when>2026-04-04T06:43:20Z</when>
          <when>2026-04-04T06:43:32Z</when>
          <when>2026-04-04T06:43:46Z</when>
          <when>2026-04-04T06:43:58Z</when>
          <when>2026-04-04T06:44:22Z</when>
          <when>2026-04-04T06:44:32Z</when>
          <when>2026-04-04T06:44:46Z</when>
          <when>2026-04-04T06:44:58Z</when>
          <when>2026-04-04T06:45:10Z</when>
          <when>2026-04-04T06:45:20Z</when>
          <when>2026-04-04T06:45:30Z</when>
          <when>2026-04-04T06:45:40Z</when>
          <when>2026-04-04T06:45:50Z</when>
          <when>2026-04-04T06:46:02Z</when>
          <when>2026-04-04T06:46:14Z</when>
          <when>2026-04-04T06:46:28Z</when>
          <when>2026-04-04T06:46:40Z</when>
          <when>2026-04-04T06:46:48Z</when>
          <when>2026-04-04T06:47:04Z</when>
          <when>2026-04-04T06:50:18Z</when>
          <when>2026-04-04T06:50:44Z</when>
          <when>2026-04-04T06:50:58Z</when>
          <when>2026-04-04T06:51:10Z</when>
          <when>2026-04-04T06:51:22Z</when>
          <when>2026-04-04T06:51:32Z</when>
          <when>2026-04-04T06:51:42Z</when>
          <when>2026-04-04T06:51:52Z</when>
          <when>2026-04-04T06:52:02Z</when>
          <when>2026-04-04T06:52:10Z</when>
          <when>2026-04-04T06:52:32Z</when>
          <when>2026-04-04T06:52:40Z</when>
          <when>2026-04-04T06:52:48Z</when>
          <when>2026-04-04T06:52:56Z</when>
          <when>2026-04-04T06:53:06Z</when>
          <when>2026-04-04T06:53:16Z</when>
          <when>2026-04-04T06:53:26Z</when>
          <when>2026-04-04T06:53:36Z</when>
          <when>2026-04-04T06:53:46Z</when>
          <when>2026-04-04T06:53:54Z</when>
          <when>2026-04-04T06:54:06Z</when>
          <when>2026-04-04T06:54:18Z</when>
          <when>2026-04-04T06:54:28Z</when>
          <when>2026-04-04T06:54:38Z</when>
          <when>2026-04-04T06:54:46Z</when>
          <when>2026-04-04T06:54:56Z</when>
          <when>2026-04-04T06:55:06Z</when>
          <when>2026-04-04T06:55:18Z</when>
          <when>2026-04-04T06:55:28Z</when>
          <when>2026-04-04T06:55:38Z</when>
          <when>2026-04-04T06:55:48Z</when>
          <when>2026-04-04T06:55:58Z</when>
          <when>2026-04-04T06:56:08Z</when>
          <when>2026-04-04T06:56:18Z</when>
          <when>2026-04-04T06:56:28Z</when>
          <when>2026-04-04T06:56:34Z</when>
          <when>2026-04-04T06:56:44Z</when>
          <when>2026-04-04T06:56:54Z</when>
          <when>2026-04-04T06:57:04Z</when>
          <when>2026-04-04T06:57:12Z</when>
          <when>2026-04-04T06:57:22Z</when>
          <when>2026-04-04T06:57:32Z</when>
          <when>2026-04-04T06:57:42Z</when>
          <when>2026-04-04T06:57:52Z</when>
          <when>2026-04-04T06:58:02Z</when>
          <when>2026-04-04T06:58:12Z</when>
          <when>2026-04-04T06:58:22Z</when>
          <when>2026-04-04T06:58:32Z</when>
          <when>2026-04-04T06:58:40Z</when>
          <when>2026-04-04T06:58:48Z</when>
          <when>2026-04-04T06:58:58Z</when>
          <when>2026-04-04T06:59:08Z</when>
          <when>2026-04-04T06:59:18Z</when>
          <when>2026-04-04T06:59:32Z</when>
          <when>2026-04-04T06:59:42Z</when>
          <when>2026-04-04T06:59:52Z</when>
          <when>2026-04-04T07:00:04Z</when>
          <when>2026-04-04T07:00:28Z</when>
          <when>2026-04-04T07:00:42Z</when>
          <when>2026-04-04T07:00:50Z</when>
          <when>2026-04-04T07:01:04Z</when>
          <when>2026-04-04T07:01:14Z</when>
          <when>2026-04-04T07:01:20Z</when>
          <when>2026-04-04T07:01:40Z</when>
          <when>2026-04-04T07:01:54Z</when>
          <when>2026-04-04T07:02:20Z</when>
          <when>2026-04-04T07:02:30Z</when>
          <when>2026-04-04T07:02:46Z</when>
          <when>2026-04-04T07:02:56Z</when>
          <when>2026-04-04T07:03:04Z</when>
          <when>2026-04-04T07:03:14Z</when>
          <when>2026-04-04T07:03:24Z</when>
          <when>2026-04-04T07:03:30Z</when>
          <when>2026-04-04T07:03:44Z</when>
          <when>2026-04-04T07:03:54Z</when>
          <when>2026-04-04T07:04:06Z</when>
          <when>2026-04-04T07:04:18Z</when>
          <when>2026-04-04T07:04:28Z</when>
          <when>2026-04-04T07:04:36Z</when>
          <when>2026-04-04T07:04:46Z</when>
          <when>2026-04-04T07:04:56Z</when>
          <when>2026-04-04T07:05:06Z</when>
          <when>2026-04-04T07:05:16Z</when>
          <when>2026-04-04T07:05:26Z</when>
          <when>2026-04-04T07:05:36Z</when>
          <when>2026-04-04T07:05:46Z</when>
          <when>2026-04-04T07:05:58Z</when>
          <when>2026-04-04T07:06:20Z</when>
          <when>2026-04-04T07:06:30Z</when>
          <when>2026-04-04T07:06:40Z</when>
          <when>2026-04-04T07:06:50Z</when>
          <when>2026-04-04T07:07:00Z</when>
          <when>2026-04-04T07:07:10Z</when>
          <when>2026-04-04T07:07:20Z</when>
          <when>2026-04-04T07:08:06Z</when>
          <when>2026-04-04T07:08:16Z</when>
          <when>2026-04-04T07:08:22Z</when>
          <when>2026-04-04T07:08:44Z</when>
          <when>2026-04-04T07:08:54Z</when>
          <when>2026-04-04T07:09:02Z</when>
          <when>2026-04-04T07:09:10Z</when>
          <when>2026-04-04T07:09:18Z</when>
          <when>2026-04-04T07:09:28Z</when>
          <when>2026-04-04T07:09:38Z</when>
          <when>2026-04-04T07:09:48Z</when>
          <when>2026-04-04T07:09:58Z</when>
          <when>2026-04-04T07:10:08Z</when>
          <when>2026-04-04T07:10:18Z</when>
          <when>2026-04-04T07:10:38Z</when>
          <when>2026-04-04T07:10:50Z</when>
          <when>2026-04-04T07:11:02Z</when>
          <when>2026-04-04T07:11:12Z</when>
          <when>2026-04-04T07:11:22Z</when>
          <when>2026-04-04T07:11:32Z</when>
          <when>2026-04-04T07:11:42Z</when>
          <when>2026-04-04T07:11:52Z</when>
          <when>2026-04-04T07:12:02Z</when>
          <when>2026-04-04T07:12:10Z</when>
          <when>2026-04-04T07:12:18Z</when>
          <when>2026-04-04T07:12:28Z</when>
          <when>2026-04-04T07:12:40Z</when>
          <when>2026-04-04T07:12:48Z</when>
          <when>2026-04-04T07:12:56Z</when>
          <when>2026-04-04T07:13:06Z</when>
          <when>2026-04-04T07:13:16Z</when>
          <when>2026-04-04T07:13:26Z</when>
          <when>2026-04-04T07:13:36Z</when>
          <when>2026-04-04T07:13:46Z</when>
          <when>2026-04-04T07:13:54Z</when>
          <when>2026-04-04T07:14:02Z</when>
          <when>2026-04-04T07:14:12Z</when>
          <when>2026-04-04T07:14:22Z</when>
          <when>2026-04-04T07:14:32Z</when>
          <when>2026-04-04T07:14:42Z</when>
          <when>2026-04-04T07:14:52Z</when>
          <when>2026-04-04T07:15:00Z</when>
          <when>2026-04-04T07:15:08Z</when>
          <when>2026-04-04T07:15:18Z</when>
          <when>2026-04-04T07:15:26Z</when>
          <when>2026-04-04T07:15:36Z</when>
          <when>2026-04-04T07:15:46Z</when>
          <when>2026-04-04T07:15:56Z</when>
          <when>2026-04-04T07:16:06Z</when>
          <when>2026-04-04T07:16:14Z</when>
          <when>2026-04-04T07:16:22Z</when>
          <when>2026-04-04T07:16:30Z</when>
          <when>2026-04-04T07:16:38Z</when>
          <when>2026-04-04T07:16:46Z</when>
          <when>2026-04-04T07:16:56Z</when>
          <when>2026-04-04T07:17:06Z</when>
          <when>2026-04-04T07:17:16Z</when>
          <when>2026-04-04T07:17:24Z</when>
          <when>2026-04-04T07:17:34Z</when>
          <when>2026-04-04T07:17:44Z</when>
          <when>2026-04-04T07:17:54Z</when>
          <when>2026-04-04T07:18:02Z</when>
          <when>2026-04-04T07:18:10Z</when>
          <when>2026-04-04T07:18:18Z</when>
          <when>2026-04-04T07:18:26Z</when>
          <when>2026-04-04T07:18:36Z</when>
          <when>2026-04-04T07:18:46Z</when>
          <when>2026-04-04T07:18:56Z</when>
          <when>2026-04-04T07:19:04Z</when>
          <when>2026-04-04T07:19:14Z</when>
          <when>2026-04-04T07:19:22Z</when>
          <when>2026-04-04T07:19:30Z</when>
          <when>2026-04-04T07:19:38Z</when>
          <when>2026-04-04T07:19:46Z</when>
          <when>2026-04-04T07:19:54Z</when>
          <when>2026-04-04T07:20:02Z</when>
          <when>2026-04-04T07:20:10Z</when>
          <when>2026-04-04T07:20:18Z</when>
          <when>2026-04-04T07:20:28Z</when>
          <when>2026-04-04T07:20:50Z</when>
          <when>2026-04-04T07:21:00Z</when>
          <when>2026-04-04T07:21:10Z</when>
          <when>2026-04-04T07:21:20Z</when>
          <when>2026-04-04T07:21:30Z</when>
          <when>2026-04-04T07:21:40Z</when>
          <when>2026-04-04T07:21:50Z</when>
          <when>2026-04-04T07:21:58Z</when>
          <when>2026-04-04T07:22:06Z</when>
          <when>2026-04-04T07:22:16Z</when>
          <when>2026-04-04T07:22:26Z</when>
          <when>2026-04-04T07:22:36Z</when>
          <when>2026-04-04T07:22:46Z</when>
          <when>2026-04-04T07:22:56Z</when>
          <when>2026-04-04T07:23:04Z</when>
          <when>2026-04-04T07:23:14Z</when>
          <when>2026-04-04T07:23:26Z</when>
          <when>2026-04-04T07:23:36Z</when>
          <when>2026-04-04T07:23:46Z</when>
          <when>2026-04-04T07:23:56Z</when>
          <when>2026-04-04T07:24:06Z</when>
          <when>2026-04-04T07:24:16Z</when>
          <when>2026-04-04T07:24:26Z</when>
          <when>2026-04-04T07:24:36Z</when>
          <when>2026-04-04T07:24:46Z</when>
          <when>2026-04-04T07:24:56Z</when>
          <when>2026-04-04T07:25:06Z</when>
          <when>2026-04-04T07:25:46Z</when>
          <when>2026-04-04T07:25:54Z</when>
          <when>2026-04-04T07:26:02Z</when>
          <when>2026-04-04T07:26:10Z</when>
          <when>2026-04-04T07:26:20Z</when>
          <when>2026-04-04T07:26:30Z</when>
          <when>2026-04-04T07:26:40Z</when>
          <when>2026-04-04T07:26:50Z</when>
          <when>2026-04-04T07:27:00Z</when>
          <when>2026-04-04T07:27:08Z</when>
          <when>2026-04-04T07:27:16Z</when>
          <when>2026-04-04T07:27:26Z</when>
          <when>2026-04-04T07:27:36Z</when>
          <when>2026-04-04T07:27:42Z</when>
          <when>2026-04-04T07:28:00Z</when>
          <when>2026-04-04T07:28:10Z</when>
          <when>2026-04-04T07:28:20Z</when>
          <when>2026-04-04T07:28:30Z</when>
          <when>2026-04-04T07:28:38Z</when>
          <when>2026-04-04T07:28:46Z</when>
          <when>2026-04-04T07:28:54Z</when>
          <when>2026-04-04T07:29:02Z</when>
          <when>2026-04-04T07:29:12Z</when>
          <when>2026-04-04T07:29:24Z</when>
          <when>2026-04-04T07:29:38Z</when>
          <when>2026-04-04T07:29:46Z</when>
          <when>2026-04-04T07:29:56Z</when>
          <when>2026-04-04T07:30:04Z</when>
          <when>2026-04-04T07:30:12Z</when>
          <when>2026-04-04T07:30:20Z</when>
          <when>2026-04-04T07:30:28Z</when>
          <when>2026-04-04T07:30:36Z</when>
          <when>2026-04-04T07:30:44Z</when>
          <when>2026-04-04T07:30:52Z</when>
          <when>2026-04-04T07:31:24Z</when>
          <when>2026-04-04T07:31:34Z</when>
          <when>2026-04-04T07:31:44Z</when>
          <when>2026-04-04T07:31:54Z</when>
          <when>2026-04-04T07:32:02Z</when>
          <when>2026-04-04T07:32:10Z</when>
          <when>2026-04-04T07:32:20Z</when>
          <when>2026-04-04T07:32:30Z</when>
          <when>2026-04-04T07:32:44Z</when>
          <when>2026-04-04T07:32:54Z</when>
          <when>2026-04-04T07:33:02Z</when>
          <when>2026-04-04T07:33:10Z</when>
          <when>2026-04-04T07:33:20Z</when>
          <when>2026-04-04T07:33:30Z</when>
          <when>2026-04-04T07:33:40Z</when>
          <when>2026-04-04T07:33:50Z</when>
          <when>2026-04-04T07:34:00Z</when>
          <when>2026-04-04T07:34:10Z</when>
          <when>2026-04-04T07:34:12Z</when>
          <when>2026-04-04T07:35:38Z</when>
          <when>2026-04-04T07:35:48Z</when>
          <when>2026-04-04T07:35:58Z</when>
          <when>2026-04-04T07:36:08Z</when>
          <when>2026-04-04T07:36:18Z</when>
          <when>2026-04-04T07:36:26Z</when>
          <when>2026-04-04T07:36:36Z</when>
          <when>2026-04-04T07:36:46Z</when>
          <when>2026-04-04T07:36:54Z</when>
          <when>2026-04-04T07:37:06Z</when>
          <when>2026-04-04T07:38:18Z</when>
          <when>2026-04-04T07:38:28Z</when>
          <when>2026-04-04T07:38:44Z</when>
          <when>2026-04-04T07:38:58Z</when>
          <when>2026-04-04T07:39:12Z</when>
          <when>2026-04-04T07:39:24Z</when>
          <when>2026-04-04T07:39:34Z</when>
          <when>2026-04-04T07:39:44Z</when>
          <when>2026-04-04T07:39:54Z</when>
          <when>2026-04-04T07:40:06Z</when>
          <when>2026-04-04T07:40:14Z</when>
          <when>2026-04-04T07:40:22Z</when>
          <when>2026-04-04T07:40:32Z</when>
          <when>2026-04-04T07:40:42Z</when>
          <when>2026-04-04T07:40:52Z</when>
          <when>2026-04-04T07:41:02Z</when>
          <when>2026-04-04T07:41:12Z</when>
          <when>2026-04-04T07:41:36Z</when>
          <when>2026-04-04T07:41:48Z</when>
          <when>2026-04-04T07:42:18Z</when>
          <when>2026-04-04T07:42:32Z</when>
          <when>2026-04-04T07:43:00Z</when>
          <when>2026-04-04T07:43:12Z</when>
          <when>2026-04-04T07:43:26Z</when>
          <when>2026-04-04T07:43:44Z</when>
          <when>2026-04-04T07:44:20Z</when>
          <when>2026-04-04T07:44:34Z</when>
          <when>2026-04-04T07:44:48Z</when>
          <when>2026-04-04T07:44:58Z</when>
          <when>2026-04-04T07:45:10Z</when>
          <when>2026-04-04T07:45:30Z</when>
          <when>2026-04-04T07:45:42Z</when>
          <when>2026-04-04T07:45:58Z</when>
          <when>2026-04-04T07:46:20Z</when>
          <when>2026-04-04T07:46:36Z</when>
          <when>2026-04-04T07:46:52Z</when>
          <when>2026-04-04T07:47:06Z</when>
          <when>2026-04-04T07:47:22Z</when>
          <when>2026-04-04T07:47:38Z</when>
          <when>2026-04-04T07:47:54Z</when>
          <when>2026-04-04T07:48:06Z</when>
          <when>2026-04-04T07:48:16Z</when>
          <when>2026-04-04T07:48:24Z</when>
          <when>2026-04-04T07:48:34Z</when>
          <when>2026-04-04T07:48:44Z</when>
          <when>2026-04-04T07:48:56Z</when>
          <when>2026-04-04T07:56:48Z</when>
          <when>2026-04-04T07:56:56Z</when>
          <when>2026-04-04T07:57:08Z</when>
          <when>2026-04-04T07:57:18Z</when>
          <when>2026-04-04T07:57:28Z</when>
          <when>2026-04-04T07:57:38Z</when>
          <when>2026-04-04T07:57:48Z</when>
          <when>2026-04-04T07:57:58Z</when>
          <when>2026-04-04T07:58:08Z</when>
          <when>2026-04-04T07:58:18Z</when>
          <when>2026-04-04T07:58:28Z</when>
          <when>2026-04-04T07:58:38Z</when>
          <when>2026-04-04T07:58:48Z</when>
          <when>2026-04-04T07:58:56Z</when>
          <when>2026-04-04T07:59:06Z</when>
          <when>2026-04-04T07:59:16Z</when>
          <when>2026-04-04T07:59:26Z</when>
          <when>2026-04-04T07:59:36Z</when>
          <when>2026-04-04T07:59:44Z</when>
          <when>2026-04-04T07:59:54Z</when>
          <when>2026-04-04T08:00:04Z</when>
          <when>2026-04-04T08:00:12Z</when>
          <when>2026-04-04T08:00:22Z</when>
          <when>2026-04-04T08:00:30Z</when>
          <when>2026-04-04T08:00:38Z</when>
          <when>2026-04-04T08:00:48Z</when>
          <when>2026-04-04T08:00:58Z</when>
          <when>2026-04-04T08:01:04Z</when>
          <when>2026-04-04T08:01:18Z</when>
          <when>2026-04-04T08:01:28Z</when>
          <when>2026-04-04T08:01:38Z</when>
          <when>2026-04-04T08:01:52Z</when>
          <when>2026-04-04T08:01:56Z</when>
          <when>2026-04-04T08:02:06Z</when>
          <when>2026-04-04T08:02:16Z</when>
          <when>2026-04-04T08:02:24Z</when>
          <when>2026-04-04T08:02:44Z</when>
          <when>2026-04-04T08:02:54Z</when>
          <when>2026-04-04T08:03:06Z</when>
          <when>2026-04-04T08:03:18Z</when>
          <when>2026-04-04T08:03:30Z</when>
          <when>2026-04-04T08:03:40Z</when>
          <when>2026-04-04T08:03:52Z</when>
          <when>2026-04-04T08:04:02Z</when>
          <when>2026-04-04T08:04:12Z</when>
          <when>2026-04-04T08:04:24Z</when>
          <when>2026-04-04T08:04:36Z</when>
          <when>2026-04-04T08:04:48Z</when>
          <when>2026-04-04T08:05:00Z</when>
          <when>2026-04-04T08:05:10Z</when>
          <when>2026-04-04T08:05:20Z</when>
          <when>2026-04-04T08:05:28Z</when>
          <when>2026-04-04T08:05:36Z</when>
          <when>2026-04-04T08:05:44Z</when>
          <when>2026-04-04T08:05:54Z</when>
          <when>2026-04-04T08:06:08Z</when>
          <when>2026-04-04T08:06:20Z</when>
          <when>2026-04-04T08:06:30Z</when>
          <when>2026-04-04T08:06:40Z</when>
          <when>2026-04-04T08:06:48Z</when>
          <when>2026-04-04T08:06:56Z</when>
          <when>2026-04-04T08:07:06Z</when>
          <when>2026-04-04T08:07:16Z</when>
          <when>2026-04-04T08:07:26Z</when>
          <when>2026-04-04T08:07:34Z</when>
          <when>2026-04-04T08:07:44Z</when>
          <when>2026-04-04T08:07:54Z</when>
          <when>2026-04-04T08:08:06Z</when>
          <when>2026-04-04T08:08:16Z</when>
          <when>2026-04-04T08:08:26Z</when>
          <when>2026-04-04T08:08:36Z</when>
          <when>2026-04-04T08:08:46Z</when>
          <when>2026-04-04T08:08:56Z</when>
          <when>2026-04-04T08:09:04Z</when>
          <when>2026-04-04T08:09:14Z</when>
          <when>2026-04-04T08:09:24Z</when>
          <when>2026-04-04T08:09:34Z</when>
          <when>2026-04-04T08:09:46Z</when>
          <when>2026-04-04T08:09:58Z</when>
          <when>2026-04-04T08:10:08Z</when>
          <when>2026-04-04T08:10:20Z</when>
          <when>2026-04-04T08:10:30Z</when>
          <when>2026-04-04T08:10:40Z</when>
          <when>2026-04-04T08:10:52Z</when>
          <when>2026-04-04T08:11:02Z</when>
          <when>2026-04-04T08:11:14Z</when>
          <when>2026-04-04T08:11:24Z</when>
          <when>2026-04-04T08:11:28Z</when>
          <when>2026-04-04T08:11:44Z</when>
          <when>2026-04-04T08:11:54Z</when>
          <when>2026-04-04T08:12:04Z</when>
          <when>2026-04-04T08:12:14Z</when>
          <when>2026-04-04T08:12:24Z</when>
          <when>2026-04-04T08:13:00Z</when>
          <when>2026-04-04T08:13:10Z</when>
          <when>2026-04-04T08:13:20Z</when>
          <when>2026-04-04T08:13:30Z</when>
          <when>2026-04-04T08:13:40Z</when>
          <when>2026-04-04T08:13:50Z</when>
          <when>2026-04-04T08:14:00Z</when>
          <when>2026-04-04T08:14:10Z</when>
          <when>2026-04-04T08:14:20Z</when>
          <when>2026-04-04T08:14:30Z</when>
          <when>2026-04-04T08:14:44Z</when>
          <when>2026-04-04T08:14:54Z</when>
          <when>2026-04-04T08:15:06Z</when>
          <when>2026-04-04T08:15:16Z</when>
          <when>2026-04-04T08:15:26Z</when>
          <when>2026-04-04T08:15:36Z</when>
          <when>2026-04-04T08:15:46Z</when>
          <when>2026-04-04T08:15:56Z</when>
          <when>2026-04-04T08:16:04Z</when>
          <when>2026-04-04T08:16:16Z</when>
          <when>2026-04-04T08:16:24Z</when>
          <when>2026-04-04T08:16:32Z</when>
          <when>2026-04-04T08:16:42Z</when>
          <when>2026-04-04T08:16:58Z</when>
          <when>2026-04-04T08:17:10Z</when>
          <when>2026-04-04T08:17:22Z</when>
          <when>2026-04-04T08:17:32Z</when>
          <when>2026-04-04T08:17:44Z</when>
          <when>2026-04-04T08:17:54Z</when>
          <when>2026-04-04T08:18:04Z</when>
          <when>2026-04-04T08:18:14Z</when>
          <when>2026-04-04T08:18:24Z</when>
          <when>2026-04-04T08:18:32Z</when>
          <when>2026-04-04T08:18:42Z</when>
          <when>2026-04-04T08:18:52Z</when>
          <when>2026-04-04T08:19:02Z</when>
          <when>2026-04-04T08:19:10Z</when>
          <when>2026-04-04T08:19:18Z</when>
          <when>2026-04-04T08:19:28Z</when>
          <when>2026-04-04T08:19:40Z</when>
          <when>2026-04-04T08:19:54Z</when>
          <when>2026-04-04T08:20:02Z</when>
          <when>2026-04-04T08:20:10Z</when>
          <when>2026-04-04T08:20:18Z</when>
          <when>2026-04-04T08:20:26Z</when>
          <when>2026-04-04T08:20:34Z</when>
          <when>2026-04-04T08:20:52Z</when>
          <when>2026-04-04T08:21:02Z</when>
          <when>2026-04-04T08:21:12Z</when>
          <when>2026-04-04T08:21:22Z</when>
          <when>2026-04-04T08:21:32Z</when>
          <when>2026-04-04T08:21:42Z</when>
          <when>2026-04-04T08:21:52Z</when>
          <when>2026-04-04T08:22:02Z</when>
          <when>2026-04-04T08:22:12Z</when>
          <when>2026-04-04T08:22:22Z</when>
          <when>2026-04-04T08:22:32Z</when>
          <when>2026-04-04T08:22:42Z</when>
          <when>2026-04-04T08:22:52Z</when>
          <when>2026-04-04T08:23:02Z</when>
          <when>2026-04-04T08:23:12Z</when>
          <when>2026-04-04T08:23:16Z</when>
          <when>2026-04-04T08:23:28Z</when>
          <when>2026-04-04T08:23:38Z</when>
          <when>2026-04-04T08:23:48Z</when>
          <when>2026-04-04T08:23:58Z</when>
          <when>2026-04-04T08:24:08Z</when>
          <when>2026-04-04T08:24:26Z</when>
          <when>2026-04-04T08:24:38Z</when>
          <when>2026-04-04T08:24:46Z</when>
          <when>2026-04-04T08:24:56Z</when>
          <when>2026-04-04T08:25:06Z</when>
          <when>2026-04-04T08:25:18Z</when>
          <when>2026-04-04T08:25:28Z</when>
          <when>2026-04-04T08:25:38Z</when>
          <when>2026-04-04T08:25:48Z</when>
          <when>2026-04-04T08:25:58Z</when>
          <when>2026-04-04T08:26:12Z</when>
          <when>2026-04-04T08:26:22Z</when>
          <when>2026-04-04T08:26:32Z</when>
          <when>2026-04-04T08:27:02Z</when>
          <when>2026-04-04T08:27:16Z</when>
          <when>2026-04-04T08:27:26Z</when>
          <when>2026-04-04T08:27:36Z</when>
          <when>2026-04-04T08:27:46Z</when>
          <when>2026-04-04T08:27:56Z</when>
          <when>2026-04-04T08:28:06Z</when>
          <when>2026-04-04T08:28:22Z</when>
          <when>2026-04-04T08:29:16Z</when>
          <when>2026-04-04T08:29:26Z</when>
          <when>2026-04-04T08:29:48Z</when>
          <when>2026-04-04T08:30:10Z</when>
          <when>2026-04-04T08:30:22Z</when>
          <when>2026-04-04T08:30:46Z</when>
          <when>2026-04-04T08:31:02Z</when>
          <when>2026-04-04T08:31:16Z</when>
          <when>2026-04-04T08:31:28Z</when>
          <when>2026-04-04T08:31:38Z</when>
          <when>2026-04-04T08:31:48Z</when>
          <when>2026-04-04T08:31:58Z</when>
          <when>2026-04-04T08:32:08Z</when>
          <when>2026-04-04T08:32:26Z</when>
          <when>2026-04-04T08:32:36Z</when>
          <when>2026-04-04T08:32:48Z</when>
          <when>2026-04-04T08:33:04Z</when>
          <when>2026-04-04T08:33:22Z</when>
          <when>2026-04-04T08:33:34Z</when>
          <when>2026-04-04T08:33:46Z</when>
          <when>2026-04-04T08:33:56Z</when>
          <when>2026-04-04T08:34:06Z</when>
          <when>2026-04-04T08:34:16Z</when>
          <when>2026-04-04T08:34:28Z</when>
          <when>2026-04-04T08:34:44Z</when>
          <when>2026-04-04T08:34:54Z</when>
          <when>2026-04-04T08:35:04Z</when>
          <when>2026-04-04T08:35:16Z</when>
          <when>2026-04-04T08:35:26Z</when>
          <when>2026-04-04T08:35:38Z</when>
          <when>2026-04-04T08:35:48Z</when>
          <when>2026-04-04T08:35:58Z</when>
          <when>2026-04-04T08:36:08Z</when>
          <when>2026-04-04T08:36:18Z</when>
          <when>2026-04-04T08:36:28Z</when>
          <when>2026-04-04T08:36:38Z</when>
          <when>2026-04-04T08:36:48Z</when>
          <when>2026-04-04T08:37:06Z</when>
          <when>2026-04-04T08:37:18Z</when>
          <when>2026-04-04T08:37:30Z</when>
          <when>2026-04-04T08:37:44Z</when>
          <when>2026-04-04T08:37:56Z</when>
          <when>2026-04-04T08:38:06Z</when>
          <when>2026-04-04T08:38:16Z</when>
          <when>2026-04-04T08:38:36Z</when>
          <when>2026-04-04T08:38:52Z</when>
          <when>2026-04-04T08:40:08Z</when>
          <when>2026-04-04T08:40:22Z</when>
          <when>2026-04-04T08:40:36Z</when>
          <when>2026-04-04T08:40:46Z</when>
          <when>2026-04-04T08:40:58Z</when>
          <when>2026-04-04T08:41:10Z</when>
          <when>2026-04-04T08:41:20Z</when>
          <when>2026-04-04T08:41:30Z</when>
          <when>2026-04-04T08:41:40Z</when>
          <when>2026-04-04T08:41:50Z</when>
          <when>2026-04-04T08:42:02Z</when>
          <when>2026-04-04T08:42:14Z</when>
          <when>2026-04-04T08:42:26Z</when>
          <when>2026-04-04T08:42:36Z</when>
          <when>2026-04-04T08:42:48Z</when>
          <when>2026-04-04T08:42:58Z</when>
          <when>2026-04-04T08:43:08Z</when>
          <when>2026-04-04T08:43:18Z</when>
          <when>2026-04-04T08:43:26Z</when>
          <when>2026-04-04T08:43:38Z</when>
          <when>2026-04-04T08:43:48Z</when>
          <when>2026-04-04T08:43:58Z</when>
          <when>2026-04-04T08:44:06Z</when>
          <when>2026-04-04T08:44:26Z</when>
          <when>2026-04-04T08:44:38Z</when>
          <when>2026-04-04T08:44:48Z</when>
          <when>2026-04-04T08:44:58Z</when>
          <when>2026-04-04T08:45:08Z</when>
          <when>2026-04-04T08:45:16Z</when>
          <when>2026-04-04T08:45:26Z</when>
          <when>2026-04-04T08:45:34Z</when>
          <when>2026-04-04T08:45:42Z</when>
          <when>2026-04-04T08:45:52Z</when>
          <when>2026-04-04T08:46:00Z</when>
          <when>2026-04-04T08:46:08Z</when>
          <when>2026-04-04T08:46:16Z</when>
          <when>2026-04-04T08:46:26Z</when>
          <when>2026-04-04T08:46:34Z</when>
          <when>2026-04-04T08:46:46Z</when>
          <when>2026-04-04T08:46:56Z</when>
          <when>2026-04-04T08:47:06Z</when>
          <when>2026-04-04T08:47:14Z</when>
          <when>2026-04-04T08:47:22Z</when>
          <when>2026-04-04T08:47:30Z</when>
          <when>2026-04-04T08:47:38Z</when>
          <when>2026-04-04T08:47:46Z</when>
          <when>2026-04-04T08:47:54Z</when>
          <when>2026-04-04T08:48:02Z</when>
          <when>2026-04-04T08:48:10Z</when>
          <when>2026-04-04T08:48:20Z</when>
          <when>2026-04-04T08:48:28Z</when>
          <when>2026-04-04T08:48:38Z</when>
          <when>2026-04-04T08:48:46Z</when>
          <when>2026-04-04T08:48:56Z</when>
          <when>2026-04-04T08:49:06Z</when>
          <when>2026-04-04T08:49:16Z</when>
          <when>2026-04-04T08:49:26Z</when>
          <when>2026-04-04T08:49:36Z</when>
          <when>2026-04-04T08:49:46Z</when>
          <when>2026-04-04T08:49:56Z</when>
          <when>2026-04-04T08:50:06Z</when>
          <when>2026-04-04T08:50:14Z</when>
          <when>2026-04-04T08:50:24Z</when>
          <when>2026-04-04T08:50:42Z</when>
          <when>2026-04-04T08:50:52Z</when>
          <when>2026-04-04T08:51:02Z</when>
          <when>2026-04-04T08:51:14Z</when>
          <when>2026-04-04T08:51:24Z</when>
          <when>2026-04-04T08:51:36Z</when>
          <when>2026-04-04T08:51:44Z</when>
          <when>2026-04-04T08:51:56Z</when>
          <when>2026-04-04T08:52:06Z</when>
          <when>2026-04-04T08:52:18Z</when>
          <when>2026-04-04T08:52:28Z</when>
          <when>2026-04-04T08:52:38Z</when>
          <when>2026-04-04T08:52:50Z</when>
          <when>2026-04-04T08:53:00Z</when>
          <when>2026-04-04T08:53:10Z</when>
          <when>2026-04-04T08:53:22Z</when>
          <when>2026-04-04T08:53:32Z</when>
          <when>2026-04-04T08:53:42Z</when>
          <when>2026-04-04T08:53:52Z</when>
          <when>2026-04-04T08:54:02Z</when>
          <when>2026-04-04T08:54:12Z</when>
          <when>2026-04-04T08:54:24Z</when>
          <when>2026-04-04T08:54:34Z</when>
          <when>2026-04-04T08:54:44Z</when>
          <when>2026-04-04T08:54:54Z</when>
          <when>2026-04-04T08:55:04Z</when>
          <when>2026-04-04T08:55:12Z</when>
          <when>2026-04-04T08:55:22Z</when>
          <when>2026-04-04T08:55:32Z</when>
          <when>2026-04-04T08:55:42Z</when>
          <when>2026-04-04T08:55:52Z</when>
          <when>2026-04-04T08:56:00Z</when>
          <when>2026-04-04T08:56:10Z</when>
          <when>2026-04-04T08:56:20Z</when>
          <when>2026-04-04T08:56:30Z</when>
          <when>2026-04-04T08:56:40Z</when>
          <when>2026-04-04T08:56:50Z</when>
          <when>2026-04-04T08:57:00Z</when>
          <when>2026-04-04T08:57:10Z</when>
          <when>2026-04-04T08:57:20Z</when>
          <when>2026-04-04T08:57:30Z</when>
          <when>2026-04-04T08:57:40Z</when>
          <when>2026-04-04T08:57:50Z</when>
          <when>2026-04-04T08:58:00Z</when>
          <when>2026-04-04T08:58:10Z</when>
          <when>2026-04-04T08:58:20Z</when>
          <when>2026-04-04T08:58:34Z</when>
          <when>2026-04-04T08:58:54Z</when>
          <when>2026-04-04T08:59:08Z</when>
          <when>2026-04-04T08:59:16Z</when>
          <when>2026-04-04T08:59:30Z</when>
          <when>2026-04-04T08:59:38Z</when>
          <when>2026-04-04T08:59:48Z</when>
          <when>2026-04-04T09:00:00Z</when>
          <when>2026-04-04T09:00:10Z</when>
          <when>2026-04-04T09:00:22Z</when>
          <when>2026-04-04T09:00:34Z</when>
          <when>2026-04-04T09:00:46Z</when>
          <when>2026-04-04T09:00:56Z</when>
          <when>2026-04-04T09:01:06Z</when>
          <when>2026-04-04T09:01:16Z</when>
          <when>2026-04-04T09:01:26Z</when>
          <when>2026-04-04T09:01:34Z</when>
          <when>2026-04-04T09:01:44Z</when>
          <when>2026-04-04T09:01:54Z</when>
          <when>2026-04-04T09:02:04Z</when>
          <when>2026-04-04T09:02:10Z</when>
          <when>2026-04-04T09:02:18Z</when>
          <when>2026-04-04T09:02:28Z</when>
          <when>2026-04-04T09:02:38Z</when>
          <when>2026-04-04T09:02:48Z</when>
          <when>2026-04-04T09:02:58Z</when>
          <when>2026-04-04T09:03:08Z</when>
          <when>2026-04-04T09:03:18Z</when>
          <when>2026-04-04T09:03:28Z</when>
          <when>2026-04-04T09:03:38Z</when>
          <when>2026-04-04T09:03:52Z</when>
          <when>2026-04-04T09:04:04Z</when>
          <when>2026-04-04T09:04:20Z</when>
          <when>2026-04-04T09:04:30Z</when>
          <when>2026-04-04T09:04:44Z</when>
          <when>2026-04-04T09:05:26Z</when>
          <when>2026-04-04T09:05:34Z</when>
          <when>2026-04-04T09:05:44Z</when>
          <when>2026-04-04T09:05:54Z</when>
          <when>2026-04-04T09:06:06Z</when>
          <when>2026-04-04T09:06:18Z</when>
          <when>2026-04-04T09:06:26Z</when>
          <when>2026-04-04T09:06:36Z</when>
          <when>2026-04-04T09:06:46Z</when>
          <when>2026-04-04T09:06:56Z</when>
          <when>2026-04-04T09:07:02Z</when>
          <when>2026-04-04T09:07:16Z</when>
          <when>2026-04-04T09:07:26Z</when>
          <when>2026-04-04T09:07:36Z</when>
          <when>2026-04-04T09:07:50Z</when>
          <when>2026-04-04T09:08:00Z</when>
          <when>2026-04-04T09:08:10Z</when>
          <when>2026-04-04T09:08:20Z</when>
          <when>2026-04-04T09:08:28Z</when>
          <when>2026-04-04T09:08:38Z</when>
          <when>2026-04-04T09:08:46Z</when>
          <when>2026-04-04T09:08:54Z</when>
          <when>2026-04-04T09:09:04Z</when>
          <when>2026-04-04T09:09:12Z</when>
          <when>2026-04-04T09:09:20Z</when>
          <when>2026-04-04T09:09:30Z</when>
          <when>2026-04-04T09:09:40Z</when>
          <when>2026-04-04T09:09:50Z</when>
          <when>2026-04-04T09:10:00Z</when>
          <when>2026-04-04T09:10:08Z</when>
          <when>2026-04-04T09:10:16Z</when>
          <when>2026-04-04T09:10:24Z</when>
          <when>2026-04-04T09:10:32Z</when>
          <when>2026-04-04T09:10:40Z</when>
          <when>2026-04-04T09:10:48Z</when>
          <when>2026-04-04T09:10:56Z</when>
          <when>2026-04-04T09:11:06Z</when>
          <when>2026-04-04T09:11:14Z</when>
          <when>2026-04-04T09:11:22Z</when>
          <when>2026-04-04T09:11:30Z</when>
          <when>2026-04-04T09:11:40Z</when>
          <when>2026-04-04T09:11:50Z</when>
          <when>2026-04-04T09:12:00Z</when>
          <when>2026-04-04T09:12:10Z</when>
          <when>2026-04-04T09:12:20Z</when>
          <when>2026-04-04T09:12:30Z</when>
          <when>2026-04-04T09:12:40Z</when>
          <when>2026-04-04T09:12:48Z</when>
          <when>2026-04-04T09:12:58Z</when>
          <when>2026-04-04T09:13:06Z</when>
          <when>2026-04-04T09:13:16Z</when>
          <when>2026-04-04T09:13:26Z</when>
          <when>2026-04-04T09:13:36Z</when>
          <when>2026-04-04T09:13:44Z</when>
          <when>2026-04-04T09:13:56Z</when>
          <when>2026-04-04T09:14:24Z</when>
          <when>2026-04-04T09:14:38Z</when>
          <when>2026-04-04T09:14:52Z</when>
          <when>2026-04-04T09:15:10Z</when>
          <when>2026-04-04T09:15:36Z</when>
          <when>2026-04-04T09:15:46Z</when>
          <when>2026-04-04T09:15:58Z</when>
          <when>2026-04-04T09:16:14Z</when>
          <when>2026-04-04T09:16:26Z</when>
          <when>2026-04-04T09:16:40Z</when>
          <when>2026-04-04T09:17:06Z</when>
          <when>2026-04-04T09:17:16Z</when>
          <when>2026-04-04T09:17:28Z</when>
          <when>2026-04-04T09:17:40Z</when>
          <when>2026-04-04T09:17:52Z</when>
          <when>2026-04-04T09:18:06Z</when>
          <when>2026-04-04T09:18:22Z</when>
          <when>2026-04-04T09:18:32Z</when>
          <when>2026-04-04T09:18:44Z</when>
          <when>2026-04-04T09:19:16Z</when>
          <when>2026-04-04T09:19:28Z</when>
          <when>2026-04-04T09:19:42Z</when>
          <when>2026-04-04T09:19:54Z</when>
          <when>2026-04-04T09:20:12Z</when>
          <when>2026-04-04T09:20:24Z</when>
          <when>2026-04-04T09:20:26Z</when>
          <when>2026-04-04T09:20:58Z</when>
          <when>2026-04-04T09:21:08Z</when>
          <when>2026-04-04T09:21:12Z</when>
          <when>2026-04-04T09:21:26Z</when>
          <when>2026-04-04T09:21:36Z</when>
          <when>2026-04-04T09:21:46Z</when>
          <when>2026-04-04T09:21:52Z</when>
          <when>2026-04-04T09:22:04Z</when>
          <when>2026-04-04T09:22:16Z</when>
          <when>2026-04-04T09:22:26Z</when>
          <when>2026-04-04T09:22:36Z</when>
          <when>2026-04-04T09:22:46Z</when>
          <when>2026-04-04T09:22:58Z</when>
          <when>2026-04-04T09:23:08Z</when>
          <when>2026-04-04T09:23:22Z</when>
          <when>2026-04-04T09:23:36Z</when>
          <when>2026-04-04T09:23:46Z</when>
          <when>2026-04-04T09:23:58Z</when>
          <when>2026-04-04T09:24:10Z</when>
          <when>2026-04-04T09:24:24Z</when>
          <when>2026-04-04T09:24:48Z</when>
          <when>2026-04-04T09:25:04Z</when>
          <when>2026-04-04T09:25:26Z</when>
          <when>2026-04-04T09:25:38Z</when>
          <when>2026-04-04T09:25:50Z</when>
          <when>2026-04-04T09:26:08Z</when>
          <when>2026-04-04T09:26:18Z</when>
          <when>2026-04-04T09:26:28Z</when>
          <when>2026-04-04T09:26:38Z</when>
          <when>2026-04-04T09:26:48Z</when>
          <when>2026-04-04T09:26:56Z</when>
          <when>2026-04-04T09:27:10Z</when>
          <when>2026-04-04T09:27:20Z</when>
          <when>2026-04-04T09:27:30Z</when>
          <when>2026-04-04T09:27:52Z</when>
          <when>2026-04-04T09:28:08Z</when>
          <when>2026-04-04T09:28:24Z</when>
          <when>2026-04-04T09:28:48Z</when>
          <when>2026-04-04T09:28:58Z</when>
          <when>2026-04-04T09:29:08Z</when>
          <when>2026-04-04T09:29:18Z</when>
          <when>2026-04-04T09:29:30Z</when>
          <when>2026-04-04T09:29:44Z</when>
          <when>2026-04-04T09:30:18Z</when>
          <when>2026-04-04T09:30:32Z</when>
          <when>2026-04-04T09:30:54Z</when>
          <when>2026-04-04T09:31:14Z</when>
          <when>2026-04-04T09:31:26Z</when>
          <when>2026-04-04T09:31:40Z</when>
          <when>2026-04-04T09:31:52Z</when>
          <when>2026-04-04T09:32:04Z</when>
          <when>2026-04-04T09:32:20Z</when>
          <when>2026-04-04T09:32:32Z</when>
          <when>2026-04-04T09:32:42Z</when>
          <when>2026-04-04T09:32:52Z</when>
          <when>2026-04-04T09:33:02Z</when>
          <when>2026-04-04T09:33:12Z</when>
          <when>2026-04-04T09:33:22Z</when>
          <when>2026-04-04T09:33:32Z</when>
          <when>2026-04-04T09:33:40Z</when>
          <when>2026-04-04T09:33:50Z</when>
          <when>2026-04-04T09:34:00Z</when>
          <when>2026-04-04T09:34:10Z</when>
          <when>2026-04-04T09:34:20Z</when>
          <when>2026-04-04T09:34:28Z</when>
          <when>2026-04-04T09:34:36Z</when>
          <when>2026-04-04T09:34:44Z</when>
          <when>2026-04-04T09:34:52Z</when>
          <when>2026-04-04T09:35:04Z</when>
          <when>2026-04-04T09:35:14Z</when>
          <when>2026-04-04T09:35:24Z</when>
          <when>2026-04-04T09:35:34Z</when>
          <when>2026-04-04T09:35:46Z</when>
          <when>2026-04-04T09:35:58Z</when>
          <when>2026-04-04T09:36:10Z</when>
          <when>2026-04-04T09:36:22Z</when>
          <when>2026-04-04T09:36:34Z</when>
          <when>2026-04-04T09:36:44Z</when>
          <when>2026-04-04T09:36:54Z</when>
          <when>2026-04-04T09:37:04Z</when>
          <when>2026-04-04T09:37:14Z</when>
          <when>2026-04-04T09:37:24Z</when>
          <when>2026-04-04T09:37:34Z</when>
          <when>2026-04-04T09:37:44Z</when>
          <when>2026-04-04T09:37:54Z</when>
          <when>2026-04-04T09:38:04Z</when>
          <when>2026-04-04T09:38:14Z</when>
          <when>2026-04-04T09:38:24Z</when>
          <when>2026-04-04T09:38:34Z</when>
          <when>2026-04-04T09:38:46Z</when>
          <when>2026-04-04T09:38:56Z</when>
          <when>2026-04-04T09:39:08Z</when>
          <when>2026-04-04T09:39:20Z</when>
          <when>2026-04-04T09:39:32Z</when>
          <when>2026-04-04T09:39:42Z</when>
          <when>2026-04-04T09:39:54Z</when>
          <when>2026-04-04T09:40:06Z</when>
          <when>2026-04-04T09:40:18Z</when>
          <when>2026-04-04T09:40:28Z</when>
          <when>2026-04-04T09:40:40Z</when>
          <when>2026-04-04T09:40:50Z</when>
          <when>2026-04-04T09:41:00Z</when>
          <when>2026-04-04T09:41:10Z</when>
          <when>2026-04-04T09:41:20Z</when>
          <when>2026-04-04T09:41:32Z</when>
          <when>2026-04-04T09:41:44Z</when>
          <when>2026-04-04T09:41:58Z</when>
          <when>2026-04-04T09:42:16Z</when>
          <when>2026-04-04T09:42:26Z</when>
          <when>2026-04-04T09:42:36Z</when>
          <when>2026-04-04T09:42:46Z</when>
          <when>2026-04-04T09:42:56Z</when>
          <when>2026-04-04T09:43:06Z</when>
          <when>2026-04-04T09:43:16Z</when>
          <when>2026-04-04T09:43:26Z</when>
          <when>2026-04-04T09:43:36Z</when>
          <when>2026-04-04T09:43:46Z</when>
          <when>2026-04-04T09:43:56Z</when>
          <when>2026-04-04T09:44:04Z</when>
          <when>2026-04-04T09:44:14Z</when>
          <when>2026-04-04T09:44:22Z</when>
          <when>2026-04-04T09:44:30Z</when>
          <when>2026-04-04T09:44:38Z</when>
          <when>2026-04-04T09:44:46Z</when>
          <when>2026-04-04T09:44:54Z</when>
          <when>2026-04-04T09:45:02Z</when>
          <when>2026-04-04T09:45:12Z</when>
          <when>2026-04-04T09:45:20Z</when>
          <when>2026-04-04T09:45:30Z</when>
          <when>2026-04-04T09:45:38Z</when>
          <when>2026-04-04T09:45:48Z</when>
          <when>2026-04-04T09:45:58Z</when>
          <when>2026-04-04T09:46:06Z</when>
          <when>2026-04-04T09:46:18Z</when>
          <when>2026-04-04T09:46:28Z</when>
          <when>2026-04-04T09:46:38Z</when>
          <when>2026-04-04T09:46:48Z</when>
          <when>2026-04-04T09:46:58Z</when>
          <when>2026-04-04T09:47:10Z</when>
          <when>2026-04-04T09:47:20Z</when>
          <when>2026-04-04T09:47:30Z</when>
          <when>2026-04-04T09:47:40Z</when>
          <when>2026-04-04T09:47:48Z</when>
          <when>2026-04-04T09:47:58Z</when>
          <when>2026-04-04T09:48:06Z</when>
          <when>2026-04-04T09:48:16Z</when>
          <when>2026-04-04T09:48:26Z</when>
          <when>2026-04-04T09:48:36Z</when>
          <when>2026-04-04T09:48:44Z</when>
          <when>2026-04-04T09:48:56Z</when>
          <when>2026-04-04T09:49:06Z</when>
          <when>2026-04-04T09:49:16Z</when>
          <when>2026-04-04T09:49:26Z</when>
          <when>2026-04-04T09:49:36Z</when>
          <when>2026-04-04T09:49:46Z</when>
          <when>2026-04-04T09:49:56Z</when>
          <when>2026-04-04T09:50:06Z</when>
          <when>2026-04-04T09:50:16Z</when>
          <when>2026-04-04T09:50:28Z</when>
          <when>2026-04-04T09:50:38Z</when>
          <when>2026-04-04T09:50:50Z</when>
          <when>2026-04-04T09:51:00Z</when>
          <when>2026-04-04T09:51:14Z</when>
          <when>2026-04-04T09:51:26Z</when>
          <when>2026-04-04T09:51:38Z</when>
          <when>2026-04-04T09:51:48Z</when>
          <when>2026-04-04T09:52:00Z</when>
          <when>2026-04-04T09:52:10Z</when>
          <when>2026-04-04T09:52:20Z</when>
          <when>2026-04-04T09:52:30Z</when>
          <when>2026-04-04T09:52:40Z</when>
          <when>2026-04-04T09:52:52Z</when>
          <when>2026-04-04T09:53:10Z</when>
          <when>2026-04-04T09:53:16Z</when>
          <when>2026-04-04T09:53:52Z</when>
          <when>2026-04-04T09:54:15Z</when>
          <ExtendedData>
            <Data name="GxTrackExtendedData">
              <value>0.78,3.7900925;1.12,3.7900925;0.0,3.7900925;1.1,3.7900925;1.23,3.7900925;0.0,3.7900925;1.32,3.7900925;1.24,3.7900925;0.83,3.7900925;1.21,3.7900925;0.0,3.7900925;1.24,3.7900925;1.04,3.7900925;0.5,3.7900925;0.82,3.7900925;1.35,3.7900925;1.3,3.7900925;1.28,3.7900925;1.38,3.7900925;1.28,3.7900925;0.0,3.7900925;1.09,3.7900925;0.0,3.7900925;1.4,3.7900925;1.15,3.7900925;0.0,3.7900925;1.35,3.7900925;1.4,3.7900925;1.07,3.7900925;1.04,3.7900925;1.16,3.7900925;1.21,3.7900925;1.13,3.7900925;1.11,3.7900925;1.35,3.7900925;1.14,3.7900925;0.99,3.7900925;1.06,3.7900925;1.27,3.7900925;1.21,3.7900925;1.29,3.7900925;1.19,3.7900925;1.23,3.7900925;1.16,3.7900925;1.3,3.7900925;1.19,3.7900925;1.2,3.7900925;1.28,3.7900925;1.24,3.7900925;1.05,3.7900925;1.29,3.7900925;1.31,3.7900925;0.0,3.7900925;1.13,3.7900925;1.4,3.7900925;1.44,3.7900925;1.58,3.7900925;1.57,3.7900925;1.5,3.7900925;1.4,3.7900925;1.27,3.7900925;1.42,3.7900925;1.43,3.7900925;1.35,3.7900925;1.42,3.7900925;1.29,3.7900925;1.33,3.7900925;1.43,3.7900925;1.48,3.7900925;1.39,3.7900925;1.35,3.7900925;1.35,3.7900925;1.35,3.7900925;1.21,3.7900925;1.22,3.7900925;1.24,3.7900925;1.27,3.7900925;1.16,3.7900925;0.0,3.7900925;1.27,3.7900925;1.06,3.7900925;1.22,3.7900925;1.16,3.7900925;1.18,3.7900925;1.09,3.7900925;1.16,3.7900925;1.16,3.7900925;0.84,3.7900925;0.93,3.7900925;0.81,3.7900925;0.77,3.7900925;0.57,3.7900925;0.7,3.7900925;0.82,3.7900925;1.04,3.7900925;1.02,3.7900925;0.94,3.7900925;1.15,3.7900925;1.24,3.7900925;1.1,3.7900925;1.07,3.7900925;1.03,3.7900925;1.09,3.7900925;1.19,3.7900925;0.97,3.7900925;1.15,3.7900925;1.11,3.7900925;1.25,3.7900925;1.1,3.7900925;1.18,3.7900925;1.18,3.7900925;1.07,3.7900925;1.1,3.7900925;1.16,3.7900925;1.3,3.7900925;1.16,3.7900925;1.16,3.7900925;1.45,3.7900925;1.19,3.7900925;1.18,3.7900925;1.26,3.7900925;1.3,3.7900925;0.0,3.7900925;1.01,3.7900925;1.17,3.7900925;0.93,3.7900925;0.93,3.7900925;0.9,3.7900925;0.9,3.7900925;0.88,3.7900925;0.87,3.7900925;0.68,3.7900925;0.7,3.7900925;0.59,3.7900925;0.63,3.7900925;0.77,3.7900925;0.76,3.7900925;0.81,3.7900925;0.68,3.7900925;0.82,3.7900925;0.75,3.7900925;0.78,3.7900925;0.92,3.7900925;0.83,3.7900925;0.88,3.7900925;0.74,3.7900925;0.7,3.7900925;0.69,3.7900925;0.77,3.7900925;0.78,3.7900925;0.72,3.7900925;0.73,3.7900925;0.64,3.7900925;0.65,3.7900925;0.64,3.7900925;0.67,3.7900925;0.63,3.7900925;0.67,3.7900925;0.78,3.7900925;0.69,3.7900925;0.83,3.7900925;0.63,3.7900925;0.72,3.7900925;0.79,3.7900925;0.62,3.7900925;0.83,3.7900925;0.69,3.7900925;0.75,3.7900925;0.64,3.7900925;0.75,3.7900925;0.82,3.7900925;0.81,3.7900925;0.71,3.7900925;0.58,3.7900925;0.76,3.7900925;0.8,3.7900925;0.81,3.7900925;0.78,3.7900925;0.85,3.7900925;0.77,3.7900925;0.86,3.7900925;0.78,3.7900925;0.83,3.7900925;0.79,3.7900925;0.8,3.7900925;0.82,3.7900925;0.53,3.7900925;0.58,3.7900925;0.16,3.7900925;0.56,3.7900925;0.41,3.7900925;0.36,3.7900925;0.94,3.7900925;0.98,3.7900925;0.84,3.7900925;0.79,3.7900925;0.8,3.7900925;0.83,3.7900925;0.82,3.7900925;0.72,3.7900925;0.73,3.7900925;0.68,3.7900925;0.76,3.7900925;0.9,3.7900925;0.51,3.7900925;1.24,3.7900925;1.11,3.7900925;1.29,3.7900925;1.31,3.7900925;1.21,3.7900925;1.22,3.7900925;1.04,3.7900925;1.12,3.7900925;0.0,3.7900925;1.73,3.7900925;1.61,3.7900925;1.48,3.7900925;1.38,3.7900925;1.15,3.7900925;0.98,3.7900925;1.37,3.7900925;0.0,3.7900925;1.16,3.7900925;1.2,3.7900925;1.85,3.7900925;1.85,3.7900925;1.04,3.7900925;1.35,3.7900925;1.18,3.7900925;1.17,3.7900925;1.29,3.7900925;1.31,3.7900925;1.16,3.7900925;1.16,3.7900925;1.23,3.7900925;1.12,3.7900925;1.19,3.7900925;1.2,3.7900925;1.15,3.7900925;1.14,3.7900925;1.08,3.7900925;1.17,3.7900925;1.22,3.7900925;1.19,3.7900925;1.2,3.7900925;1.11,3.7900925;1.28,3.7900925;1.02,3.7900925;1.04,3.7900925;1.1,3.7900925;1.2,3.7900925;1.29,3.7900925;1.34,3.7900925;1.15,3.7900925;0.95,3.7900925;1.1,3.7900925;0.95,3.7900925;1.05,3.7900925;0.85,3.7900925;1.13,3.7900925;1.09,3.7900925;0.93,3.7900925;1.11,3.7900925;1.1,3.7900925;1.37,3.7900925;1.19,3.7900925;0.0,3.7900925;1.06,3.7900925;0.0,3.7900925;0.61,3.7900925;0.94,3.7900925;1.34,3.7900925;1.14,3.7900925;1.27,3.7900925;0.0,3.7900925;1.32,3.7900925;0.92,3.7900925;0.87,3.9006002;1.18,3.7900925;1.3,3.7900925;1.31,3.7900925;1.35,3.7900925;1.33,3.7900925;1.99,3.7900925;1.4,3.7900925;0.82,3.7900925;0.82,3.7900925;2.02,3.7900925;1.13,3.7900925;1.07,3.7900925;0.97,3.7900925;1.1,3.7900925;1.12,3.7900925;1.09,3.7900925;1.01,3.7900925;0.93,3.7900925;1.19,3.7900925;1.01,3.7900925;0.8,3.7900925;0.92,3.7900925;0.92,3.7900925;0.0,3.7900925;0.45,3.7900925;0.89,3.7900925;0.97,3.7900925;0.96,3.7900925;0.77,3.7900925;1.06,3.7900925;0.25,3.7900925;0.94,3.7900925;0.92,3.7900925;1.1,3.7900925;0.96,3.7900925;0.83,3.7900925;0.95,3.7900925;0.88,3.7900925;1.02,3.7900925;0.96,3.7900925;0.98,3.7900925;1.3,3.7900925;1.03,3.7900925;0.99,3.7900925;1.08,3.7900925;1.05,3.7900925;1.12,3.7900925;1.08,3.7900925;1.1,3.7900925;0.0,3.7900925;1.13,3.7900925;1.27,3.7900925;1.09,3.7900925;1.17,3.7900925;1.21,3.7900925;1.27,3.7900925;1.0,3.7900925;1.18,3.7900925;1.22,3.7900925;1.15,3.7900925;0.86,3.7900925;1.19,3.7900925;1.31,3.7900925;1.39,3.7900925;1.29,3.7900925;1.32,3.7900925;1.32,3.7900925;1.12,3.7900925;0.0,3.7900925;1.43,3.7900925;1.75,3.7900925;1.49,3.7900925;1.8,3.7900925;1.69,3.7900925;2.82,3.7900925;2.76,3.7900925;1.54,3.7900925;1.71,3.7900925;1.44,3.7900925;1.56,3.7900925;1.42,3.7900925;1.25,3.7900925;0.0,3.7900925;1.34,3.7900925;0.0,3.7900925;0.99,3.7900925;1.59,3.7900925;1.35,3.7900925;1.31,3.7900925;0.0,3.7900925;1.16,3.7900925;1.46,3.7900925;0.0,3.7900925;1.25,3.7900925;1.36,3.7900925;1.1,3.7900925;0.0,3.7900925;0.87,3.7900925;1.48,3.7900925;1.32,3.7900925;1.33,3.7900925;1.28,3.7900925;1.22,3.7900925;1.13,3.7900925;1.36,3.7900925;1.3,3.7900925;1.12,3.7900925;1.23,3.7900925;1.16,3.7900925;1.17,3.7900925;1.1,3.7900925;1.32,3.7900925;1.38,3.7900925;1.38,3.7900925;1.14,3.7900925;1.13,3.7900925;1.27,3.7900925;1.22,3.7900925;1.12,3.7900925;0.0,3.7900925;1.39,3.7900925;1.24,3.7900925;1.53,3.7900925;1.45,3.7900925;1.37,3.7900925;1.43,3.7900925;1.13,3.7900925;1.16,3.7900925;1.23,3.7900925;1.34,3.7900925;1.31,3.7900925;1.33,3.7900925;1.08,3.7900925;1.28,3.7900925;1.04,3.7900925;0.0,3.7900925;0.38,3.7900925;1.28,3.7900925;1.24,3.7900925;1.23,3.7900925;1.14,3.7900925;0.0,3.7900925;1.15,3.7900925;1.08,3.7900925;1.15,3.7900925;1.08,3.7900925;1.33,3.7900925;1.15,3.7900925;1.25,3.7900925;1.05,3.7900925;1.01,3.7900925;1.05,3.7900925;1.11,3.7900925;0.96,3.7900925;1.06,3.7900925;1.19,3.7900925;1.12,3.7900925;1.06,3.7900925;1.04,3.7900925;0.0,3.7900925;1.41,3.7900925;1.08,3.7900925;1.19,3.7900925;1.16,3.7900925;1.22,3.7900925;1.2,3.7900925;0.89,3.7900925;1.06,3.7900925;1.22,3.7900925;1.09,3.7900925;1.2,3.7900925;1.21,3.7900925;1.1,3.7900925;0.99,3.7900925;1.04,3.7900925;1.24,3.7900925;1.21,3.7900925;1.1,3.7900925;1.23,3.7900925;2.0,3.7900925;1.11,3.7900925;1.1,3.7900925;1.18,3.7900925;0.99,3.7900925;1.03,3.7900925;1.05,3.7900925;1.01,3.7900925;0.88,3.7900925;0.97,3.7900925;1.17,3.7900925;1.03,3.7900925;1.04,3.7900925;1.08,3.7900925;1.07,3.7900925;1.15,3.7900925;1.12,3.7900925;1.12,3.7900925;1.15,3.7900925;1.03,3.7900925;0.94,3.7900925;1.09,3.7900925;1.13,3.7900925;1.11,3.7900925;1.08,3.7900925;1.07,3.7900925;1.09,3.7900925;1.08,3.7900925;1.11,3.7900925;1.12,3.7900925;1.07,3.7900925;1.19,3.7900925;1.08,3.7900925;1.07,3.7900925;1.04,3.7900925;1.13,3.7900925;1.39,3.7900925;1.34,3.7900925;0.0,3.7900925;1.13,3.7900925;2.12,3.7900925;1.08,3.7900925;2.59,3.7900925;0.0,3.7900925;0.92,3.7900925;1.06,3.7900925;1.08,3.7900925;1.03,3.7900925;1.04,3.7900925;0.98,3.7900925;1.07,3.7900925;1.12,3.7900925;0.99,3.7900925;1.04,3.7900925;0.94,3.7900925;0.95,3.7900925;1.09,3.7900925;0.73,3.7900925;1.16,3.7900925;1.07,3.7900925;1.11,3.7900925;0.81,3.7900925;1.32,3.7900925;1.07,3.7900925;1.01,3.7900925;0.87,3.7900925;1.04,3.7900925;0.86,3.7900925;1.25,3.7900925;1.21,3.7900925;0.81,3.7900925;1.23,3.7900925;1.19,3.7900925;1.09,3.7900925;1.06,3.7900925;0.0,3.7900925;1.38,3.7900925;1.25,3.7900925;1.1,3.7900925;1.07,3.7900925;1.03,3.7900925;1.17,3.7900925;1.16,3.7900925;0.0,3.7900925;1.24,3.7900925;1.3,3.7900925;1.09,3.7900925;1.04,3.7900925;1.22,3.7900925;0.0,3.7900925;1.03,3.7900925;1.25,3.7900925;0.0,3.7900925;1.09,3.7900925;1.32,3.7900925;1.13,3.7900925;1.18,3.7900925;1.2,3.7900925;1.15,3.7900925;1.17,3.7900925;0.0,3.7900925;1.1,3.7900925;1.1,3.7900925;1.08,3.7900925;0.85,3.7900925;1.2,3.7900925;0.0,3.7900925;0.83,3.7900925;0.0,3.7900925;0.88,3.7900925;0.77,3.7900925;1.03,3.7900925;0.0,3.7900925;0.79,3.7900925;1.1,3.7900925;1.12,3.7900925;1.06,3.7900925;1.09,3.7900925;0.9,3.7900925;0.96,3.7900925;0.8,3.7900925;0.95,3.7900925;1.1,3.7900925;1.14,3.7900925;1.1,3.7900925;0.99,3.7900925;1.06,3.7900925;1.0,3.7900925;1.06,3.7900925;1.08,3.7900925;1.03,3.7900925;1.06,3.7900925;1.04,3.7900925;1.02,3.7900925;1.06,3.7900925;1.17,3.7900925;1.11,3.7900925;1.09,3.7900925;0.96,3.7900925;0.87,3.7900925;0.9,3.7900925;0.0,3.7900925;0.84,3.7900925;0.63,3.7900925;0.78,3.7900925;0.65,3.7900925;0.86,3.7900925;0.77,3.7900925;0.72,3.7900925;0.56,3.7900925;0.9,3.7900925;1.78,3.7900925;0.0,3.7900925;0.79,3.7900925;0.8,3.7900925;1.0,3.7900925;0.76,3.7900925;0.83,3.7900925;0.77,3.7900925;0.77,3.7900925;0.81,3.7900925;0.88,3.7900925;0.84,3.7900925;0.68,3.7900925;0.77,3.7900925;0.95,3.7900925;0.94,3.7900925;1.08,3.7900925;0.83,3.7900925;0.98,3.7900925;1.04,3.7900925;1.07,3.7900925;0.0,3.7900925;1.01,3.7900925;2.14,3.7900925;1.15,3.7900925;1.16,3.7900925;1.13,3.7900925;1.18,3.7900925;1.02,3.7900925;1.05,3.7900925;0.99,3.7900925;1.05,3.7900925;1.12,3.7900925;1.09,3.7900925;1.1,3.7900925;1.07,3.7900925;0.0,3.7900925;0.86,3.7900925;0.9,3.7900925;0.86,3.7900925;0.91,3.7900925;1.18,3.7900925;1.26,3.7900925;1.27,3.7900925;1.39,3.7900925;1.27,3.7900925;1.22,3.7900925;1.09,3.7900925;1.08,3.7900925;1.26,3.7900925;1.1,3.7900925;1.15,3.7900925;1.13,3.7900925;1.18,3.7900925;1.18,3.7900925;0.91,3.7900925;1.15,3.7900925;1.2,3.7900925;1.1,3.7900925;0.96,3.7900925;1.09,3.7900925;1.01,3.7900925;0.8,3.7900925;1.19,3.7900925;1.07,3.7900925;0.0,3.7900925;0.84,3.7900925;0.84,3.7900925;0.85,3.7900925;0.99,3.7900925;0.93,3.7900925;1.06,3.7900925;0.9,3.7900925;0.85,3.7900925;1.15,3.7900925;0.0,3.7900925;0.94,3.7900925;1.14,3.7900925;0.72,3.7900925;2.19,3.7900925;0.0,3.7900925;1.04,3.7900925;0.0,3.7900925;1.11,3.7900925;0.95,3.7900925;0.77,3.7900925;0.87,3.7900925;0.75,3.7900925;0.89,3.7900925;0.97,3.7900925;0.76,3.7900925;1.13,3.9392898;0.92,3.7900925;0.93,3.7900925;1.1,3.7900925;0.97,3.7900925;1.01,3.7900925;1.06,3.7900925;0.0,3.7900925;0.98,3.7900925;1.0,3.7900925;0.97,3.7900925;0.77,3.7900925;0.85,3.7900925;1.1,3.7900925;0.94,3.7900925;0.84,3.7900925;0.75,3.7900925;0.74,3.7900925;0.9,3.7900925;0.79,3.7900925;0.97,3.7900925;0.0,3.7900925;0.86,3.7900925;0.79,3.7900925;0.8,3.7900925;0.79,3.7900925;1.04,3.7900925;1.09,3.7900925;1.09,3.7900925;0.99,3.7900925;0.99,3.7900925;1.06,3.7900925;1.12,3.7900925;1.14,3.7900925;1.03,3.7900925;1.03,3.7900925;0.0,3.7900925;1.17,3.7900925;1.17,3.7900925;1.34,3.7900925;1.13,3.7900925;1.25,3.7900925;1.23,3.7900925;1.17,3.7900925;1.25,3.7900925;0.9,3.7900925;1.11,3.7900925;0.96,3.7900925;1.21,3.7900925;1.02,3.7900925;0.0,3.7900925;1.02,3.7900925;0.89,3.7900925;0.85,3.7900925;0.97,3.7900925;1.13,3.7900925;1.05,3.7900925;0.97,3.7900925;1.12,3.7900925;0.0,3.7900925;1.01,3.7900925;1.23,3.7900925;0.91,3.7900925;1.06,3.7900925;0.92,3.7900925;1.07,3.7900925;0.0,3.7900925;1.05,3.7900925;1.06,3.7900925;1.07,3.7900925;1.06,3.7900925;0.76,3.7900925;0.8,3.7900925;0.93,3.7900925;1.18,3.7900925;1.24,3.7900925;1.24,3.7900925;2.45,3.7900925;1.07,3.7900925;0.92,3.7900925;1.49,3.7900925;0.0,3.7900925;0.73,3.7900925;1.21,3.7900925;1.02,3.7900925;0.0,3.7900925;0.85,3.7900925;1.06,3.7900925;0.91,3.7900925;1.03,9.935046;0.95,9.935046;0.74,9.935046;1.03,9.935046;1.08,9.935046;0.0,9.935046;1.04,3.7900925;1.14,3.7900925;1.0,3.7900925;1.32,3.7900925;0.96,3.7900925;1.15,3.7900925;1.08,3.7900925;1.03,3.7900925;1.03,3.7900925;1.13,3.7900925;1.02,3.7900925;1.48,3.7900925;1.08,3.7900925;0.97,3.7900925;0.92,3.7900925;1.07,3.7900925;0.93,3.7900925;0.9,3.7900925;1.1,3.7900925;1.14,3.7900925;1.17,3.7900925;1.15,3.7900925;1.13,3.7900925;1.22,3.7900925;1.1,3.7900925;0.0,3.7900925;1.27,3.7900925;1.17,3.7900925;1.05,3.7900925;0.87,3.7900925;0.85,3.7900925;1.38,3.7900925;0.0,3.7900925;1.03,3.7900925;1.17,3.7900925;0.98,3.7900925;1.05,3.7900925;0.85,3.7900925;0.85,3.7900925;1.06,3.7900925;0.99,3.7900925;1.15,3.7900925;1.17,3.7900925;0.0,3.7900925;0.9,3.7900925;0.88,3.7900925;1.03,3.7900925;1.05,3.7900925;0.91,3.7900925;0.98,3.7900925;1.03,3.7900925;1.0,3.7900925;0.95,3.7900925;0.86,3.7900925;0.68,3.7900925;0.0,3.7900925;0.93,3.7900925;0.97,3.7900925;0.76,3.7900925;1.05,3.7900925;0.86,3.7900925;0.86,3.7900925;0.92,3.7900925;0.71,3.7900925;0.71,3.7900925;0.89,3.7900925;0.75,3.7900925;0.67,3.7900925;1.56,3.7900925;0.0,3.7900925;1.06,3.7900925;0.79,3.7900925;0.92,3.7900925;0.96,3.7900925;0.75,3.7900925;0.89,3.7900925;0.82,3.7900925;0.98,3.7900925;0.81,3.7900925;1.02,3.7900925;0.75,3.7900925;0.59,3.7900925;0.0,3.7900925;0.0,3.7900925;1.14,3.7900925;0.68,3.7900925;1.15,3.7900925;1.07,3.7900925;0.92,3.7900925;1.05,3.7900925;1.01,3.7900925;1.26,3.7900925;1.19,3.7900925;1.09,3.7900925;1.22,3.7900925;1.15,3.7900925;1.26,3.7900925;1.07,3.7900925;1.03,3.7900925;1.0,3.7900925;1.12,3.7900925;0.0,3.7900925;1.01,3.7900925;1.05,3.7900925;0.9,3.7900925;1.4,3.7900925;0.96,3.7900925;0.77,3.7900925;0.9,3.7900925;0.78,3.7900925;0.77,3.7900925;0.78,3.7900925;2.35,3.7900925;0.0,3.7900925;0.67,3.7900925;0.84,3.7900925;0.83,3.7900925;0.86,3.7900925;0.6,3.7900925;0.61,3.7900925;0.84,3.7900925;0.57,3.7900925;0.84,3.7900925;0.67,3.7900925;0.77,3.7900925;0.79,3.7900925;0.82,3.7900925;0.78,3.7900925;0.71,3.7900925;0.91,3.7900925;0.99,3.7900925;0.96,3.7900925;0.38,3.7900925;0.96,3.9090364;0.66,3.7900925;0.95,3.7900925;0.64,3.7900925;1.05,3.7900925;1.0,3.7900925;1.02,3.7900925;1.16,3.7900925;1.01,3.7900925;0.94,3.7900925;1.03,3.7900925;0.57,3.7900925;0.68,3.7900925;1.26,3.7900925;0.67,3.7900925;1.19,3.7900925;1.06,3.7900925;0.79,3.7900925;0.77,3.7900925;0.48,3.7900925;0.61,3.7900925;0.66,3.7900925;0.66,3.7900925;0.74,3.7900925;0.66,3.7900925;0.83,3.7900925;0.72,3.7900925;0.8,3.9222894;0.75,3.7900925;0.77,3.7900925;0.34,3.7900925;0.81,3.7900925;0.75,3.7900925;0.69,3.7900925;0.71,3.7900925;0.76,3.7900925;0.79,3.7900925;1.07,3.7900925;0.98,3.7900925;0.58,3.7900925;0.67,3.7900925;0.78,3.7900925;0.79,3.7900925;0.64,3.7900925;0.88,3.7900925;0.98,3.7900925;1.09,3.7900925;1.03,3.7900925;1.06,3.7900925;1.17,3.7900925;0.0,3.7900925;1.33,3.7900925;0.88,3.7900925;1.25,3.7900925;1.04,3.7900925;0.84,3.7900925;0.92,3.7900925;0.88,3.7900925;1.03,3.7900925;1.17,3.7900925;1.19,3.7900925;1.17,3.7900925;1.39,3.7900925;1.29,3.7900925;0.97,3.7900925;0.91,3.7900925;0.91,3.7900925;0.92,3.7900925;1.21,3.7900925;1.11,3.7900925;0.77,3.7900925;1.1,3.7900925;0.88,3.7900925;0.93,3.7900925;1.05,3.7900925;1.15,3.7900925;1.28,3.7900925;1.01,3.7900925;1.21,3.7900925;0.66,3.7900925;0.86,3.7900925;0.9,3.7900925;0.0,3.7900925;1.1,3.7900925;0.76,3.7900925;0.88,3.7900925;0.98,3.7900925;0.95,3.7900925;0.9,3.7900925;1.01,3.7900925;1.18,3.7900925;1.04,3.7900925;1.09,3.7900925;1.14,3.7900925;1.01,3.7900925;1.05,3.7900925;1.02,3.7900925;1.08,3.7900925;1.16,3.7900925;0.95,3.7900925;0.0,3.7900925;0.73,3.7900925;1.06,3.7900925;1.19,3.7900925;0.0,3.7900925;0.99,3.7900925;0.87,3.7900925;0.73,3.995295;0.44,3.7900925;1.07,3.7900925;0.88,3.7900925;1.16,3.7900925;1.14,3.7900925;0.92,3.7900925;0.62,3.7900925;0.55,3.7900925;0.58,3.7900925;0.76,3.7900925;0.79,3.7900925;0.81,3.7900925;0.2,3.7900925;1.19,3.7900925;1.28,3.7900925;1.25,3.7900925;0.98,3.7900925;1.09,3.7900925;0.92,3.7900925;1.09,3.7900925;1.11,3.7900925;1.3,3.7900925;1.13,3.7900925;1.15,3.7900925;0.0,3.7900925;0.55,3.7900925;0.93,3.7900925;1.05,3.7900925;1.03,3.7900925;0.91,3.7900925;1.04,3.7900925;1.09,3.7900925;1.06,3.7900925;0.57,3.7900925;0.89,3.7900925;0.9,3.7900925;0.97,3.7900925;0.89,3.7900925;0.86,3.7900925;0.82,3.7900925;0.71,3.7900925;0.23,3.7900925;0.61,3.7900925;1.02,3.7900925;0.91,3.7900925;0.96,3.7900925;0.49,3.7900925;0.56,3.7900925;0.89,3.7900925;0.9,3.7900925;0.37,3.7900925;0.74,3.7900925;0.95,3.7900925;0.86,3.7900925;1.04,3.7900925;0.0,3.7900925;1.0,3.7900925;0.65,3.7900925;0.88,3.7900925;0.99,3.7900925;1.11,3.7900925;0.0,3.7900925;1.03,3.7900925;0.0,3.7900925;1.01,3.7900925;0.0,3.7900925;0.71,3.7900925;0.99,3.7900925;0.97,3.7900925;0.82,3.7900925;0.79,3.7900925;0.97,3.7900925;1.12,3.7900925;0.8,3.7900925;0.98,3.7900925;0.0,3.7900925;1.48,3.7900925;0.74,3.7900925;0.94,3.7900925;1.34,3.7900925;1.29,3.7900925;0.0,3.7900925;0.64,3.7900925;0.58,3.7900925;0.83,3.7900925;0.56,3.7900925;0.54,3.7900925;0.0,3.7900925;0.78,3.7900925;0.84,3.7900925;0.9,3.7900925;0.87,3.7900925;0.96,3.7900925;0.86,3.7900925;0.42,3.7900925;0.58,3.7900925;0.89,3.7900925;0.88,3.7900925;0.71,3.7900925;0.74,3.7900925;0.76,3.7900925;0.84,3.7900925;0.68,3.7900925;0.72,3.7900925;0.8,3.7900925;0.69,3.7900925;0.65,3.7900925;0.72,3.7900925;1.0,3.7900925;1.23,3.7900925;0.0,3.7900925;0.87,3.7900925;0.79,3.7900925;0.92,3.7900925;0.87,3.7900925;0.89,3.7900925;0.0,3.7900925;1.16,3.7900925;0.68,3.7900925;0.97,3.7900925;1.06,3.7900925;0.0,3.7900925;1.14,3.7900925;1.03,3.7900925;1.01,3.7900925;0.0,3.7900925;0.72,3.7900925;0.66,3.7900925;0.73,3.7900925;0.88,3.7900925;0.52,3.7900925;0.37,3.7900925;0.15,3.7900925;0.39,3.7900925;0.63,3.7900925;0.68,3.7900925;0.71,3.7900925;0.5,3.7900925;0.0,3.7900925;0.87,3.7900925;0.95,3.7900925;1.04,3.7900925;0.0,3.7900925;0.74,3.7900925;0.68,3.7900925;1.08,3.7900925;0.0,3.7900925;0.86,3.7900925;0.85,3.7900925;0.88,3.7900925;0.98,3.7900925;0.57,3.7900925;0.38,3.7900925;0.38,3.7900925;0.91,3.7900925;0.66,3.7900925;0.74,3.7900925;0.74,3.7900925;0.93,3.7900925;0.68,3.7900925;0.67,3.7900925;0.96,3.7900925;0.85,3.7900925;0.78,3.7900925;0.78,3.7900925;0.33,3.7900925;0.64,3.7900925;0.84,3.7900925;0.7,3.7900925;0.75,3.7900925;0.65,3.7900925;0.74,3.7900925;0.44,3.7900925;0.79,3.7900925;0.7,3.7900925;0.49,3.7900925;0.0,3.7900925;0.59,3.7900925;0.32,3.7900925;0.68,3.7900925;0.52,3.7900925;0.38,3.7900925;0.57,3.7900925;0.66,3.7900925;0.69,3.7900925;0.82,3.7900925;0.86,3.7900925;0.81,3.7900925;0.84,3.7900925;0.4,3.7900925;0.58,3.7900925;0.45,3.7900925;0.67,3.7900925;0.78,3.7900925;0.37,3.7900925;0.51,3.7900925;0.58,3.7900925;0.0,3.7900925;0.93,3.7900925;0.88,3.7900925;0.69,3.7900925;0.42,3.7900925;0.47,3.7900925;1.0,3.7900925;0.76,3.7900925;0.56,3.7900925;0.73,3.7900925;0.7,3.7900925;0.82,3.7900925;0.75,3.7900925;0.54,3.7900925;0.58,3.7900925;0.68,3.7900925;0.76,3.7900925;0.84,3.7900925;0.88,3.7900925;0.91,3.7900925;0.94,3.7900925;0.94,3.7900925;0.88,3.7900925;1.12,3.7900925;1.04,3.7900925;0.0,3.7900925;0.7,3.7900925;0.72,3.7900925;0.35,3.7900925;0.73,3.7900925;0.29,3.7900925;0.47,3.7900925;0.41,3.7900925;0.69,3.7900925;0.76,3.7900925;1.2,3.7900925;1.22,3.7900925;0.0,3.7900925;0.49,3.7900925;1.22,3.7900925;1.4,3.7900925;0.73,3.7900925;1.31,3.7900925;0.0,3.7900925;1.15,3.7900925;1.15,3.7900925;1.15,3.7900925;0.0,3.7900925;1.53,3.7900925;1.49,3.7900925;1.59,3.7900925;1.42,3.7900925;1.41,3.7900925;1.22,3.7900925;0.52,3.7900925;0.17,3.7900925;0.45,3.7900925;0.0,3.7900925;0.84,3.7900925;0.8,3.7900925;1.07,3.7900925;0.87,3.7900925;0.44,3.7900925;0.74,3.7900925;0.72,3.7900925;0.93,3.7900925;0.8,3.7900925;0.77,3.7900925;0.69,3.7900925;0.67,3.7900925;1.01,3.7900925;0.83,3.7900925;0.78,3.7900925;0.0,3.7900925;1.05,3.7900925;1.03,3.7900925;0.0,3.7900925;0.97,3.7900925;1.08,3.7900925;0.94,3.7900925;0.76,3.7900925;0.92,3.7900925;0.7,3.7900925;0.48,3.7900925;0.94,3.7900925;0.79,3.7900925;0.92,3.7900925;0.71,3.7900925;1.04,3.7900925;0.0,3.7900925;1.18,3.7900925;1.35,3.7900925;1.09,3.7900925;1.0,3.7900925;1.1,3.7900925;0.99,3.7900925;0.67,3.7900925;0.96,3.7900925;0.92,3.7900925;1.02,3.7900925;0.0,3.7900925;0.58,3.7900925;0.77,3.7900925;0.9,3.7900925;0.93,3.7900925;0.94,3.7900925;1.21,3.7900925;1.2,3.7900925;1.16,3.7900925;1.44,3.7900925;1.02,3.7900925;0.96,3.7900925;0.83,3.7900925;0.98,3.7900925;0.86,3.7900925;1.21,3.7900925;1.16,3.7900925;0.59,3.7900925;0.93,3.7900925;1.15,3.7900925;0.0,3.7900925;1.26,3.7900925;1.17,3.7900925;1.12,3.7900925;1.0,3.7900925;1.1,3.7900925;1.05,3.7900925;0.97,3.7900925;0.69,3.7900925;0.93,3.7900925;1.11,3.7900925;0.45,3.7900925;0.96,3.7900925;1.0,3.7900925;0.92,3.7900925;0.97,3.7900925;1.06,3.7900925;1.18,3.7900925;1.1,3.7900925;1.1,3.7900925;1.0,3.7900925;0.78,3.7900925;1.0,3.7900925;0.47,3.7900925;0.81,3.7900925;1.09,3.7900925;0.0,3.7900925;1.14,3.7900925;1.15,3.7900925;1.1,3.7900925;1.23,3.7900925;1.25,3.7900925;0.76,3.7900925;0.7,3.7900925;1.28,3.7900925;0.95,3.7900925;1.08,3.7900925;1.03,3.7900925;1.05,3.7900925;1.05,3.7900925;0.0,3.7900925;1.04,3.7900925;1.02,3.7900925;1.17,3.7900925;1.03,3.7900925;0.77,3.7900925;0.92,3.7900925;0.52,3.7900925;0.85,3.7900925;0.99,3.7900925;0.99,3.7900925;1.03,3.7900925;1.08,3.7900925;0.94,3.7900925;0.85,3.7900925;0.94,3.7900925;0.94,3.7900925;0.88,3.7900925;0.46,3.7900925;0.85,3.7900925;0.39,3.7900925;0.92,3.7900925;0.8,3.7900925;0.88,3.7900925;0.89,3.7900925;0.91,3.7900925;0.93,3.7900925;0.62,3.7900925;1.1,3.7900925;1.03,3.7900925;1.06,3.7900925;0.0,3.7900925;1.04,3.7900925;0.0,3.7900925;0.0,3.7900925;0.8,3.7900925;0.82,3.7900925;0.71,3.7900925;0.52,3.7900925;0.97,3.7900925;0.93,3.7900925;0.86,3.7900925;0.85,3.7900925;0.83,3.7900925;0.87,3.7900925;0.93,3.7900925;0.49,3.7900925;0.65,3.7900925;1.01,3.7900925;1.06,3.7900925;1.04,3.7900925;0.0,3.7900925;0.49,3.7900925;0.94,3.7900925;0.98,3.7900925;1.16,3.7900925;1.25,3.7900925;1.02,3.7900925;0.0,3.7900925;0.55,3.7900925;0.6,3.7900925;1.09,3.7900925;0.95,3.7900925;1.23,3.7900925;1.05,3.7900925;0.0,3.7900925;1.29,3.7900925;0.0,3.7900925;0.87,3.7900925;1.43,3.7900925;1.02,3.7900925;1.0,3.7900925;0.84,3.7900925;1.12,3.7900925;0.0,3.7900925;1.02,3.7900925;1.09,3.7900925;1.23,3.7900925;2.36,3.7900925;0.0,3.7900925;1.18,3.7900925;1.06,3.7900925;1.16,3.7900925;1.17,3.7900925;1.1,3.7900925;1.13,3.7900925;1.23,3.7900925;1.15,3.7900925;0.97,3.7900925;1.11,3.7900925;1.29,3.7900925;1.36,3.7900925;1.19,3.7900925;1.15,3.7900925;1.03,3.7900925;1.5,3.7900925;1.02,3.7900925;0.0,3.7900925;1.06,3.7900925;1.12,3.7900925;1.43,3.7900925;1.2,3.7900925;1.34,3.7900925;0.0,3.7900925;0.0,3.7900925;1.2,3.7900925;0.0,3.7900925;0.69,3.7900925;0.73,3.7900925;1.36,3.7900925;1.06,3.7900925;0.0,3.7900925;0.9,3.7900925;1.08,3.7900925;0.94,3.7900925;0.99,3.7900925;1.33,3.7900925;0.95,3.7900925;1.11,3.7900925;0.0,3.7900925;1.01,9.935046;1.3,9.935046;0.0,9.935046;0.27,9.935046;0.88,3.7900925;0.73,3.7900925;0.0,3.7900925;1.19,3.7900925;1.29,3.7900925;1.21,3.7900925;0.95,3.7900925;0.99,3.7900925;1.04,3.7900925;0.7,3.7900925;0.9,3.7900925;1.17,3.7900925;1.61,3.7900925;1.1,3.7900925;1.09,3.7900925;0.84,3.7900925;1.03,3.7900925;1.22,3.7900925;0.99,3.7900925;0.98,3.7900925;0.81,3.7900925;0.98,3.7900925;0.76,3.7900925;0.98,3.7900925;1.06,3.7900925;1.93,3.7900925;0.99,3.7900925;0.99,3.7900925;0.97,3.7900925;0.86,3.7900925;0.9,3.7900925;1.05,3.7900925;0.84,3.7900925;1.08,3.7900925;0.82,3.7900925;0.44,3.7900925;1.06,3.7900925;0.85,3.7900925;1.18,3.7900925;0.94,3.7900925;1.01,3.7900925;0.91,3.7900925;1.22,3.7900925;0.0,3.7900925;1.0,3.7900925;0.77,3.7900925;0.64,3.7900925;0.72,3.7900925;0.16,3.7900925;0.51,3.7900925;0.68,3.7900925;0.71,3.7900925;0.29,3.7900925;0.67,3.7900925;0.69,3.7900925;0.79,3.7900925;0.79,3.7900925;0.93,3.7900925;0.82,3.7900925;0.84,3.7900925;0.68,3.7900925;0.67,3.7900925;0.74,3.7900925;0.52,3.7900925;0.91,3.7900925;0.89,3.7900925;0.86,3.7900925;0.75,3.7900925;0.76,3.7900925;0.73,3.7900925;0.78,3.7900925;1.04,3.7900925;0.97,3.7900925;1.13,3.7900925;1.06,3.7900925;1.03,3.7900925;1.05,3.7900925;1.0,3.7900925;0.53,3.7900925;1.09,3.7900925;0.71,3.7900925;1.01,3.7900925;0.47,3.7900925;0.87,3.7900925;1.01,3.7900925;0.8,3.7900925;0.8,3.7900925;1.06,3.7900925;0.97,3.7900925;1.03,3.7900925;1.3,3.7900925;1.41,3.8913968;0.0,3.7900925;1.29,3.7900925;1.49,3.7900925;1.46,3.7900925;1.23,3.7900925;1.2,3.7900925;1.35,3.7900925;1.21,3.7900925;1.08,3.7900925;1.23,3.7900925;1.3,3.7900925;1.04,3.7900925;1.19,3.7900925;1.18,3.7900925;1.29,3.7900925;1.17,3.7900925;1.07,3.7900925;1.02,3.7900925;1.31,3.7900925;1.21,3.7900925;1.21,3.7900925;1.36,3.7900925;1.1,3.7900925;0.97,3.7900925;1.27,3.7900925;1.3,3.7900925;0.0,3.7900925;1.17,3.7900925;1.26,3.7900925;1.42,3.7900925;1.1,3.7900925;1.21,3.7900925;1.13,3.7900925;1.16,3.7900925;1.25,3.7900925;1.17,3.7900925;1.0,3.7900925;1.23,3.7900925;1.34,3.7900925;1.34,3.7900925;1.24,3.7900925;1.04,3.7900925;1.11,3.7900925;1.07,3.7900925;1.31,3.7900925;1.32,3.7900925;1.08,3.7900925;0.0,3.7900925;0.81,3.7900925;1.07,3.7900925;0.72,3.7900925;1.15,3.7900925;1.21,3.7900925;0.0,3.7900925;0.86,3.7900925;0.8,3.7900925;1.05,3.7900925;1.0,3.7900925;1.08,3.7900925;1.22,3.7900925;1.38,3.7900925;1.22,3.7900925;1.12,3.7900925;0.0,3.7900925;1.3,3.7900925;1.3,3.7900925;1.66,3.7900925;1.12,3.7900925;1.0,3.7900925;1.21,3.7900925;1.13,3.7900925;1.16,3.7900925;1.2,3.7900925;1.01,3.7900925;1.18,3.7900925;1.16,3.7900925;1.08,3.7900925;0.0,3.7900925;1.14,3.7900925;0.9,3.8927884;1.31,3.7900925;1.27,3.7900925;1.05,3.7900925;1.2,3.7900925;0.99,3.7900925;1.26,3.7900925;1.02,3.7900925;0.0,3.7900925;1.22,3.7900925;1.27,3.7900925;1.29,3.7900925;1.36,3.7900925;1.06,3.7900925;1.2,3.7900925;1.34,3.7900925;0.98,3.7900925;1.14,3.7900925;1.2,3.7900925;0.97,3.7900925;0.0,3.7900925;0.95,3.7900925;0.85,3.7900925;1.24,3.7900925;1.09,3.7900925;1.09,3.7900925;1.17,3.7900925;1.28,3.7900925;1.28,3.7900925;1.18,3.7900925;1.18,3.7900925;1.02,3.7900925;1.22,3.7900925;1.25,3.7900925;1.2,3.7900925;1.35,3.7900925;1.21,3.7900925;1.22,3.7900925;1.12,3.7900925;1.14,3.7900925;1.38,3.7900925;1.39,3.7900925;1.1,3.7900925;1.17,3.7900925;1.15,3.7900925;1.26,3.7900925;1.26,3.7900925;1.3,3.7900925;1.18,3.7900925;0.97,3.7900925;1.3,3.7900925;1.16,3.7900925;1.26,3.7900925;1.3,3.7900925;1.32,3.7900925;1.33,3.7900925;1.28,3.7900925;1.25,3.7900925;1.23,3.7900925;1.13,3.7900925;1.14,3.7900925;1.24,3.7900925;1.23,3.7900925;1.28,3.7900925;1.3,3.7900925;1.15,3.7900925;1.37,3.7900925;1.31,3.7900925;1.3,3.7900925;1.45,3.7900925;1.32,3.7900925;1.21,3.7900925;1.22,3.7900925;1.41,3.7900925;1.32,3.7900925;1.31,3.7900925;1.41,3.7900925;1.31,3.7900925;1.37,3.7900925;1.3,3.7900925;1.35,3.7900925;1.33,3.7900925;1.27,3.7900925;1.26,3.7900925;0.21,3.7900925;0.87,3.7900925;1.03,3.7900925;0.89,3.7900925;1.0,3.7900925;1.31,3.7900925;1.25,3.7900925;1.39,3.7900925;1.39,3.7900925;1.25,3.7900925;1.07,3.7900925;1.25,3.7900925;1.14,3.7900925;1.07,3.7900925;1.12,3.7900925;1.22,3.7900925;1.03,3.7900925;1.15,3.7900925;1.14,3.7900925;1.2,3.7900925;1.02,3.7900925;1.2,3.7900925;1.23,3.7900925;1.29,3.7900925;1.18,3.7900925;1.19,3.7900925;1.17,3.7900925;0.99,3.7900925;1.34,3.7900925;1.31,3.7900925;1.27,3.7900925;1.36,3.7900925;1.29,3.7900925;1.27,3.7900925;1.25,3.7900925;1.18,3.7900925;1.19,3.7900925;1.2,3.7900925;1.24,3.7900925;1.22,3.7900925;1.36,3.7900925;0.0,3.7900925;1.1,3.7900925;1.33,3.7900925;1.27,3.7900925;1.27,3.7900925;1.29,3.7900925;1.34,3.7900925;1.31,3.7900925;1.17,3.7900925;1.11,3.7900925;0.92,3.7900925;1.33,3.7900925;1.04,3.7900925;1.41,3.7900925;1.18,3.7900925;1.21,3.7900925;1.24,3.7900925;0.96,3.7900925;1.33,3.7900925;1.33,3.7900925;0.0,3.7900925;1.16,3.7900925;1.39,3.7900925;1.15,3.7900925;1.07,3.7900925;1.39,3.7900925;1.29,3.7900925;1.25,3.7900925;1.21,3.7900925;1.28,3.7900925;1.19,3.7900925;1.24,3.7900925;1.31,3.7900925;1.32,3.7900925;1.23,3.7900925;1.06,3.7900925;1.33,3.7900925;1.19,3.7900925;1.06,3.7900925;0.0,3.7900925;1.08,3.7900925;1.1,3.7900925;1.22,3.7900925;1.21,3.7900925;1.02,3.7900925;1.26,3.7900925;1.37,3.7900925;1.13,3.7900925;1.14,3.7900925;0.84,3.7900925;1.39,3.7900925;0.85,3.7900925;0.86,3.7900925;1.05,3.7900925;0.84,3.7900925;0.99,3.7900925;0.99,3.7900925;1.03,3.7900925;0.99,3.7900925;1.19,3.7900925;1.27,3.7900925;1.12,3.7900925;0.99,3.7900925;1.11,3.7900925;1.09,3.7900925;0.89,3.7900925;0.94,3.7900925;1.0,3.7900925;0.81,3.7900925;0.74,3.7900925;0.8,3.7900925;0.99,3.7900925;0.87,3.7900925;0.83,3.7900925;0.81,3.7900925;0.72,3.7900925;0.64,3.7900925;0.79,3.7900925;0.69,3.7900925;0.63,3.7900925;0.83,3.7900925;0.71,3.7900925;0.52,3.7900925;0.63,3.7900925;0.75,3.7900925;0.66,3.7900925;0.84,3.7900925;0.68,3.7900925;0.44,3.7900925;0.56,3.7900925;0.57,3.7900925;1.05,3.7900925;1.13,3.7900925;0.94,3.7900925;0.86,3.7900925;0.8,3.7900925;1.06,3.7900925;0.86,3.7900925;0.87,3.7900925;0.95,3.7900925;0.85,3.7900925;1.01,3.7900925;1.04,3.7900925;1.04,3.7900925;1.07,3.7900925;1.2,3.7900925;1.18,3.7900925;1.05,3.7900925;1.12,3.7900925;1.19,3.7900925;1.19,3.7900925;1.07,3.7900925;1.06,3.7900925;1.26,3.7900925;1.14,3.7900925;1.21,3.7900925;1.1,3.7900925;1.22,3.7900925;1.13,3.7900925;1.31,3.7900925;1.24,3.7900925;1.35,3.7900925;1.13,3.7900925;0.0,3.7900925;1.24,3.7900925;1.13,3.7900925;1.39,3.7900925;1.06,3.7900925;0.0,3.7900925;1.28,3.7900925;1.01,3.7900925;0.0,3.7900925;1.11,3.7900925;1.12,3.7900925;0.0,3.7900925;1.08,3.7900925;0.91,3.7900925;1.14,3.7900925;1.05,3.7900925;1.01,3.7900925;0.78,3.7900925;1.36,3.7900925;0.93,3.7900925;0.88,3.7900925;0.93,3.7900925;0.91,3.7900925;0.92,3.7900925;1.08,3.7900925;1.07,3.7900925;1.02,3.7900925;0.95,3.7900925;0.78,3.7900925;0.88,3.7900925;0.83,3.7900925;1.2,3.7900925;1.07,3.7900925;0.89,3.7900925;0.97,3.7900925;1.22,3.7900925;0.95,3.7900925;1.13,3.7900925;0.89,3.7900925;0.99,3.7900925;1.07,3.7900925;1.08,3.7900925;1.09,3.7900925;1.1,3.7900925;1.18,3.7900925;1.02,3.7900925;1.12,3.7900925;1.04,3.7900925;0.99,3.7900925;0.99,3.7900925;1.0,3.7900925;1.05,3.7900925;0.99,3.7900925;0.86,3.7900925;1.05,3.7900925;1.14,3.7900925;1.24,3.7900925;1.19,3.7900925;1.27,3.7900925;1.16,3.7900925;0.0,3.7900925;1.03,3.7900925;1.15,3.7900925;1.0,3.7900925;1.02,3.7900925;0.72,3.7900925;0.7,3.7900925;1.15,3.7900925;1.2,3.7900925;1.17,3.7900925;1.0,3.7900925;1.09,3.7900925;1.03,3.7900925;0.9,3.7900925;1.02,3.7900925;1.06,3.7900925;1.1,3.7900925;1.06,3.7900925;0.97,3.7900925;1.06,3.7900925;1.04,3.7900925;1.05,3.7900925;1.08,3.7900925;1.1,3.7900925;1.22,3.7900925;1.26,3.7900925;1.41,3.7900925;1.34,3.7900925;0.88,3.7900925;0.78,3.7900925;1.08,3.7900925;0.86,3.7900925;1.27,3.7900925;0.98,3.7900925;1.08,3.7900925;1.04,3.7900925;1.01,3.7900925;1.24,3.7900925;1.1,3.7900925;1.0,3.7900925;0.97,3.7900925;1.08,3.7900925;1.13,3.7900925;1.11,3.7900925;0.95,3.7900925;0.78,3.7900925;1.11,3.7900925;1.1,3.7900925;1.04,3.7900925;1.07,3.7900925;1.44,3.7900925;0.0,3.7900925;0.98,3.7900925;0.95,3.7900925;0.98,3.7900925;1.11,3.7900925;1.05,3.7900925;1.07,3.7900925;1.02,3.7900925;0.96,3.7900925;0.91,3.7900925;1.01,3.7900925;0.96,3.7900925;1.06,3.7900925;1.03,3.7900925;1.08,3.7900925;1.01,3.7900925;0.0,3.7900925;0.99,3.7900925;1.07,3.7900925;0.88,3.7900925;0.94,3.7900925;0.86,3.7900925;0.96,3.7900925;0.93,3.7900925;0.93,3.7900925;0.95,3.7900925;0.79,3.7900925;0.86,3.7900925;1.02,3.7900925;0.96,3.7900925;1.0,3.7900925;0.99,3.7900925;1.03,3.7900925;1.07,3.7900925;1.0,3.7900925;0.74,3.7900925;1.0,3.7900925;0.83,3.7900925;0.9,3.7900925;0.89,3.7900925;0.87,3.7900925;0.9,3.7900925;0.73,3.7900925;0.8,3.7900925;0.83,3.7900925;0.78,3.7900925;0.65,3.7900925;0.56,3.7900925;0.67,3.7900925;0.82,3.7900925;0.73,3.7900925;0.64,3.7900925;0.78,3.7900925;0.92,3.7900925;0.98,3.7900925;0.95,3.7900925;0.89,3.7900925;0.82,3.7900925;0.65,3.7900925;0.74,3.7900925;0.29,3.7900925;0.76,3.7900925;0.81,3.7900925;0.79,3.7900925;0.88,3.7900925;0.89,3.7900925;0.79,3.7900925;0.76,3.7900925;0.94,3.7900925;0.79,3.7900925;0.78,3.7900925;1.03,3.7900925;0.86,3.7900925;0.89,3.7900925;0.79,3.7900925;0.82,3.7900925;0.99,3.7900925;0.84,3.7900925;0.85,3.7900925;0.93,3.7900925;0.73,3.7900925;0.84,3.7900925;0.71,3.7900925;0.76,3.7900925;0.79,3.7900925;0.83,3.7900925;0.83,3.7900925;0.8,3.7900925;0.66,3.7900925;0.61,3.7900925;0.66,3.7900925;0.71,3.7900925;0.9,3.7900925;0.62,3.7900925;0.88,3.7900925;0.92,3.7900925;0.91,3.7900925;0.94,3.7900925;1.01,3.7900925;1.07,3.7900925;0.99,3.7900925;0.74,3.7900925;0.89,3.7900925;1.01,3.7900925;1.0,3.7900925;1.1,3.7900925;1.23,3.7900925;0.99,3.7900925;0.99,3.7900925;0.95,3.7900925;1.07,3.7900925;0.0,3.7900925;0.97,3.7900925;1.11,3.7900925;1.21,3.7900925;1.13,3.7900925;1.12,3.7900925;1.12,3.7900925;1.4,3.7900925;1.26,3.7900925;1.23,3.7900925;1.29,3.7900925;1.29,3.7900925;1.26,3.7900925;1.25,3.7900925;1.17,3.7900925;0.0,3.7900925;1.25,3.7900925;1.29,3.7900925;1.35,3.7900925;1.42,3.7900925;1.33,3.7900925;1.22,3.7900925;1.35,3.7900925;1.4,3.7900925;1.32,3.7900925;1.23,3.7900925;1.24,3.7900925;1.34,3.7900925;1.19,3.7900925;1.25,3.7900925;1.31,3.7900925;1.28,3.7900925;1.17,3.7900925;1.15,3.7900925;1.15,3.7900925;1.02,3.7900925;1.18,3.7900925;1.24,3.7900925;1.12,3.7900925;1.15,3.7900925;0.93,3.7900925;0.99,3.7900925;0.98,3.7900925;0.93,3.7900925;0.98,3.7900925;1.13,3.7900925;1.02,3.7900925;1.06,3.7900925;0.99,3.7900925;1.03,3.7900925;1.05,3.7900925;1.09,3.7900925;1.15,3.7900925;0.77,3.7900925;1.06,3.7900925;1.09,3.7900925;1.02,3.7900925;0.87,3.7900925;1.04,3.7900925;1.16,3.7900925;0.98,3.7900925;0.91,3.7900925;0.92,3.7900925;1.06,3.7900925;0.88,3.7900925;1.08,3.7900925;1.12,3.7900925;1.18,3.7900925;1.1,3.7900925;1.23,3.7900925;1.54,3.7900925;1.23,3.7900925;1.09,3.7900925;1.18,3.7900925;1.2,3.7900925;0.98,3.7900925;1.14,3.7900925;1.16,3.7900925;1.11,3.7900925;1.21,3.7900925;1.2,3.7900925;0.97,3.7900925;1.13,3.7900925;1.13,3.7900925;1.3,3.7900925;1.11,3.7900925;1.04,3.7900925;0.47,3.7900925;1.08,3.7900925;1.01,3.7900925;0.0,3.7900925;1.25,3.7900925;1.25,3.7900925;1.05,3.7900925;1.09,3.7900925;0.97,3.7900925;0.89,3.7900925;0.99,3.7900925;1.03,3.7900925;0.95,3.7900925;0.97,3.7900925;1.07,3.7900925;1.28,3.7900925;1.15,3.7900925;1.1,3.7900925;1.15,3.7900925;1.65,3.7900925;0.0,3.7900925;1.08,3.9972475;1.06,3.7900925;0.98,3.7900925;1.08,3.7900925;1.17,3.7900925;1.31,3.7900925;0.78,3.7900925;1.32,3.7900925;1.21,3.7900925;0.69,3.7900925;0.87,3.7900925;1.03,3.7900925;0.82,3.7900925;0.0,3.7900925;1.12,3.7900925;1.22,3.7900925;1.25,3.7900925;1.29,3.7900925;0.0,3.7900925;1.19,3.7900925;1.15,3.7900925;1.02,3.7900925;1.12,3.7900925;1.21,3.7900925;0.0,3.7900925;1.01,3.7900925;0.88,3.7900925;0.96,3.7900925;0.92,3.7900925;0.99,3.7900925;1.12,3.7900925;1.17,3.7900925;1.13,3.7900925;1.08,3.7900925;1.19,3.7900925;1.04,3.7900925;1.14,3.7900925;1.12,3.7900925;1.16,3.7900925;1.11,3.7900925;0.98,3.7900925;1.09,3.7900925;1.15,3.7900925;1.16,3.7900925;1.28,3.7900925;1.21,3.7900925;1.3,3.7900925;1.28,3.7900925;1.36,3.7900925;1.24,3.7900925;1.37,3.7900925;1.13,3.7900925;1.05,3.7900925;1.17,3.7900925;1.21,3.7900925;1.16,3.7900925;1.05,3.7900925;1.0,3.7900925;1.01,3.7900925;1.19,3.7900925;1.26,3.7900925;1.39,3.7900925;1.27,3.7900925;1.22,3.7900925;1.03,3.7900925;1.21,3.7900925;1.02,3.7900925;0.0,3.7900925;0.97,3.7900925;0.72,3.7900925;0.72,3.7900925;0.88,3.7900925;0.91,3.7900925;0.99,3.7900925;0.95,3.7900925;0.84,3.7900925;0.93,3.7900925;0.95,3.7900925;0.84,3.7900925;0.63,3.7900925;0.89,3.7900925;0.99,3.7900925;0.87,3.7900925;0.84,3.7900925;0.81,3.7900925;0.94,3.7900925;1.1,3.7900925;0.97,3.7900925;0.81,3.7900925;0.98,3.7900925;1.03,3.7900925;1.0,3.7900925;1.5,3.7900925;2.07,3.7900925;0.0,3.7900925;1.12,3.7900925;1.06,3.7900925;0.0,3.7900925;1.23,3.7900925;1.1,3.7900925;1.05,3.7900925;0.0,3.7900925;1.19,3.7900925;1.02,3.7900925;0.96,3.7900925;1.12,3.7900925;1.05,3.7900925;1.15,3.7900925;1.03,3.7900925;1.28,3.7900925;1.07,3.7900925;1.05,3.7900925;1.01,3.7900925;0.93,3.7900925;0.86,3.7900925;0.61,3.7900925;0.93,3.7900925;1.41,3.7900925;0.98,3.7900925;0.28,3.7900925;1.19,3.7900925;0.96,3.7900925;1.06,3.7900925;1.13,3.7900925;1.18,3.7900925;0.0,3.7900925;0.89,3.7900925;1.12,3.7900925;0.85,3.7900925;1.08,3.7900925;0.89,3.7900925;0.6,3.7900925;1.39,3.7900925;0.99,3.7900925;1.23,3.7900925;1.27,3.7900925;0.18,3.7900925;0.73,3.7900925;0.97,3.7900925;0.54,3.7900925;0.61,3.7900925;0.88,3.7900925;1.05,3.7900925;0.91,3.7900925;0.9,3.7900925;0.84,3.7900925;0.94,3.7900925;1.31,3.7900925;1.12,3.7900925;1.08,3.7900925;1.14,3.7900925;1.19,3.7900925;1.13,3.7900925;1.23,3.7900925;1.21,3.7900925;1.18,3.7900925;1.28,3.7900925;1.26,3.7900925;1.12,3.7900925;1.3,3.7900925;1.26,3.7900925;1.07,3.7900925;1.12,3.7900925;0.94,3.7900925;0.87,3.7900925;0.95,3.7900925;1.05,3.7900925;1.09,3.7900925;1.12,3.7900925;0.95,3.7900925;0.84,3.7900925;1.16,3.7900925;1.16,3.7900925;1.07,3.7900925;1.05,3.7900925;1.16,3.7900925;1.02,3.7900925;1.22,3.7900925;1.09,3.7900925;1.03,3.7900925;1.01,3.7900925;0.98,3.7900925;1.04,3.7900925;0.0,3.7900925;0.92,3.7900925;1.07,3.7900925;0.97,3.7900925;0.93,3.7900925;1.07,3.7900925;1.1,3.7900925;1.13,3.7900925;0.99,3.7900925;0.86,3.7900925;1.08,3.7900925;0.88,3.7900925;1.0,3.7900925;1.01,3.7900925;0.99,3.7900925;1.04,3.7900925;1.12,3.7900925;1.23,3.7900925;0.0,3.7900925;1.0,3.7900925;1.18,3.7900925;1.04,3.7900925;1.13,3.7900925;1.14,3.7900925;1.01,3.7900925;1.1,3.7900925;1.06,3.7900925;1.31,3.7900925;1.28,3.7900925;1.19,3.7900925;1.23,3.7900925;1.11,3.7900925;1.38,3.7900925;1.38,3.7900925;1.3,3.7900925;1.22,3.7900925;1.07,3.7900925;1.27,3.7900925;1.2,3.7900925;1.18,3.7900925;1.12,3.7900925;1.15,3.7900925;1.26,3.7900925;1.15,3.7900925;0.64,3.7900925;1.04,3.7900925;1.09,3.7900925;1.64,3.7900925;1.13,3.7900925;1.04,3.7900925;1.23,3.7900925;1.09,3.7900925;1.21,3.7900925;1.22,3.7900925;1.12,3.7900925;1.92,3.7900925;1.15,3.7900925;1.09,3.7900925;1.11,3.7900925;1.0,3.7900925;1.06,3.7900925;1.15,3.7900925;1.12,3.7900925;1.12,3.7900925;1.05,3.7900925;1.1,3.7900925;1.2,3.7900925;1.05,3.7900925;1.03,3.7900925;1.05,3.7900925;1.09,3.7900925;1.03,3.7900925;0.97,3.7900925;1.06,3.7900925;0.91,3.7900925;1.06,3.7900925;0.91,3.7900925;1.1,3.7900925;1.09,3.7900925;1.03,3.7900925;0.86,3.7900925;1.27,3.7900925;1.04,3.7900925;0.84,3.7900925;1.1,3.7900925;0.0,3.7900925;0.84,3.7900925;0.84,3.7900925;</value>
            </Data>
            <Data name="PauseTimes">
              <value>1775296455141:pause</value>
            </Data>
          </ExtendedData>
        </gx:Track>
      </Placemark>
    </Folder>
  </Document>
</kml>